name,price,url,rating,rating_number,page,keyword,source,execution_date,scraper_type
N/A,"6.198,",https://aax-us-iad.amazon.com/x/c/JIRJzJxFTmY419NYDpsWKjgAAAGRKJkQgwEAAAH2AQBvbm9fdHhuX2JpZDMgICBvbm9fdHhuX2ltcDEgICCfQDg3/https://www.amazon.com.br/gp/aw/d/B0942NDQKL/?_encoding=UTF8&pd_rd_plhdr=t&aaxitk=b1b3e47ce41aea20fe687116120c7322&hsa_cr_id=1184661840001&qid=1722963005&sr=1-1-9e67e56a-6f64-441f-a281-df67fc737124&ref_=sbx_be_s_sparkle_lsi4d_asin_0_bkgd&pd_rd_w=4An36&content-id=amzn1.sym.0af9561b-236a-4456-ac39-e3caccb7758c%3Aamzn1.sym.0af9561b-236a-4456-ac39-e3caccb7758c&pf_rd_p=0af9561b-236a-4456-ac39-e3caccb7758c&pf_rd_r=B32T0NZMGXGY8DCAHWSP&pd_rd_wg=vmQoa&pd_rd_r=87cc26fe-bc76-4072-80bf-ad66bf280816,N/A,N/A,1,macbook,amazon,2024-08-06T13:50:53.352308,Browser
N/A,"8.588,",https://aax-us-iad.amazon.com/x/c/JIRJzJxFTmY419NYDpsWKjgAAAGRKJkQgwEAAAH2AQBvbm9fdHhuX2JpZDMgICBvbm9fdHhuX2ltcDEgICCfQDg3/https://www.amazon.com.br/gp/aw/d/B0B3CCPTK5/?_encoding=UTF8&pd_rd_plhdr=t&aaxitk=b1b3e47ce41aea20fe687116120c7322&hsa_cr_id=1184661840001&qid=1722963005&sr=1-2-9e67e56a-6f64-441f-a281-df67fc737124&ref_=sbx_be_s_sparkle_lsi4d_asin_1_bkgd&pd_rd_w=4An36&content-id=amzn1.sym.0af9561b-236a-4456-ac39-e3caccb7758c%3Aamzn1.sym.0af9561b-236a-4456-ac39-e3caccb7758c&pf_rd_p=0af9561b-236a-4456-ac39-e3caccb7758c&pf_rd_r=B32T0NZMGXGY8DCAHWSP&pd_rd_wg=vmQoa&pd_rd_r=87cc26fe-bc76-4072-80bf-ad66bf280816,N/A,N/A,1,macbook,amazon,2024-08-06T13:50:53.352308,Browser
N/A,"11.799,",https://aax-us-iad.amazon.com/x/c/JIRJzJxFTmY419NYDpsWKjgAAAGRKJkQgwEAAAH2AQBvbm9fdHhuX2JpZDMgICBvbm9fdHhuX2ltcDEgICCfQDg3/https://www.amazon.com.br/gp/aw/d/B0CX5GDLNL/?_encoding=UTF8&pd_rd_plhdr=t&aaxitk=b1b3e47ce41aea20fe687116120c7322&hsa_cr_id=1184661840001&qid=1722963005&sr=1-3-9e67e56a-6f64-441f-a281-df67fc737124&ref_=sbx_be_s_sparkle_lsi4d_asin_2_bkgd&pd_rd_w=4An36&content-id=amzn1.sym.0af9561b-236a-4456-ac39-e3caccb7758c%3Aamzn1.sym.0af9561b-236a-4456-ac39-e3caccb7758c&pf_rd_p=0af9561b-236a-4456-ac39-e3caccb7758c&pf_rd_r=B32T0NZMGXGY8DCAHWSP&pd_rd_wg=vmQoa&pd_rd_r=87cc26fe-bc76-4072-80bf-ad66bf280816,N/A,N/A,1,macbook,amazon,2024-08-06T13:50:53.352308,Browser
Consulte as páginas dos produtos para ver outras opções de compra.,N/A,,N/A,N/A,1,macbook,amazon,2024-08-06T13:50:53.352308,Browser
"Apple notebook MacBook Air (de 13 polegadas, Processador M1 da Apple com CPU 8‑core e GPU 7‑core, 8 GB RAM, 256 GB) - Cinza espacial","5.888,",/MacBook-polegadas-Processador-8%E2%80%91core-7%E2%80%91core/dp/B0942NDQKL/ref=sr_1_1?dib=eyJ2IjoiMSJ9.ed-ihsuiy_YvdiPgMc7BwXhNHTTPAm4M_gNqc4k23Gcxt1BTvSujs-b59s3c0E0vnY0O7SMGLRjWDQi0oQLIXPmOAulJvfPc-lV4ijZyxdDBQcOPv89gftEq7bv6p16QEKOrOkX80AeNoxVpdMs5obRHJfU4nQSg6I59qr8N_b2GSvrHgqwlEYtye_wMjNHmA_Ila1z1GnoTANQy6WdKkGj2wFUOQdjpJ3X_bezvqBDnkqGgBSPp8zAbEXIDLun6WB88Uph14TapAOZaVVN24pq_VW_j8HXX2v7pv7lOF8c.CPNuaEdou-cxd-u1PqHogXpjeZP63-DNATc5lCFgwP4&dib_tag=se&keywords=macbook&qid=1722963005&sr=8-1&ufe=app_do%3Aamzn1.fos.95de73c3-5dda-43a7-bd1f-63af03b14751,"4,7 de 5 estrelas",1.692,1,macbook,amazon,2024-08-06T13:50:53.352308,Browser
"Apple notebook MacBook Air de 13 polegadas: Chip M2 da Apple com CPU de oito núcleos e GPU de oito núcleos, de 256 GB SSD - Cinza espacial","7.299,",/Notebook-Apple-MacBook-13-polegadas-Cinza-espacial/dp/B0B3CCPTK5/ref=sr_1_2?dib=eyJ2IjoiMSJ9.ed-ihsuiy_YvdiPgMc7BwXhNHTTPAm4M_gNqc4k23Gcxt1BTvSujs-b59s3c0E0vnY0O7SMGLRjWDQi0oQLIXPmOAulJvfPc-lV4ijZyxdDBQcOPv89gftEq7bv6p16QEKOrOkX80AeNoxVpdMs5obRHJfU4nQSg6I59qr8N_b2GSvrHgqwlEYtye_wMjNHmA_Ila1z1GnoTANQy6WdKkGj2wFUOQdjpJ3X_bezvqBDnkqGgBSPp8zAbEXIDLun6WB88Uph14TapAOZaVVN24pq_VW_j8HXX2v7pv7lOF8c.CPNuaEdou-cxd-u1PqHogXpjeZP63-DNATc5lCFgwP4&dib_tag=se&keywords=macbook&qid=1722963005&sr=8-2&ufe=app_do%3Aamzn1.fos.95de73c3-5dda-43a7-bd1f-63af03b14751,"4,8 de 5 estrelas",339,1,macbook,amazon,2024-08-06T13:50:53.352308,Browser
"Apple 2024 MacBook Air (de 13 polegadas, Chip M3 da Apple com CPU de oito núcleos e GPU de oito núcleos, 8GB Memória unificada, de 256 GB) - Cinza-espacial","11.799,",/Apple-MacBook-polegadas-n%C3%BAcleos-unificada/dp/B0CX5GDLNL/ref=sr_1_3?dib=eyJ2IjoiMSJ9.ed-ihsuiy_YvdiPgMc7BwXhNHTTPAm4M_gNqc4k23Gcxt1BTvSujs-b59s3c0E0vnY0O7SMGLRjWDQi0oQLIXPmOAulJvfPc-lV4ijZyxdDBQcOPv89gftEq7bv6p16QEKOrOkX80AeNoxVpdMs5obRHJfU4nQSg6I59qr8N_b2GSvrHgqwlEYtye_wMjNHmA_Ila1z1GnoTANQy6WdKkGj2wFUOQdjpJ3X_bezvqBDnkqGgBSPp8zAbEXIDLun6WB88Uph14TapAOZaVVN24pq_VW_j8HXX2v7pv7lOF8c.CPNuaEdou-cxd-u1PqHogXpjeZP63-DNATc5lCFgwP4&dib_tag=se&keywords=macbook&qid=1722963005&sr=8-3&ufe=app_do%3Aamzn1.fos.a492fd4a-f54d-4e8d-8c31-35e0a04ce61e,"5,0 de 5 estrelas",5,1,macbook,amazon,2024-08-06T13:50:53.352308,Browser
"MacBook Pro (2023). O notebook da Apple com chip M3 Pro,CPU de 12-core e GPU de 18-core:Tela Liquid Retina XDR de 16,2 pol,36GB memória unificada e SSD 512GB. Funciona com o iPhone/iPad.Preto-espacial","23.899,",/MacBook-notebook-Apple-12-core-18-core/dp/B0CM7394BL/ref=sr_1_4?dib=eyJ2IjoiMSJ9.ed-ihsuiy_YvdiPgMc7BwXhNHTTPAm4M_gNqc4k23Gcxt1BTvSujs-b59s3c0E0vnY0O7SMGLRjWDQi0oQLIXPmOAulJvfPc-lV4ijZyxdDBQcOPv89gftEq7bv6p16QEKOrOkX80AeNoxVpdMs5obRHJfU4nQSg6I59qr8N_b2GSvrHgqwlEYtye_wMjNHmA_Ila1z1GnoTANQy6WdKkGj2wFUOQdjpJ3X_bezvqBDnkqGgBSPp8zAbEXIDLun6WB88Uph14TapAOZaVVN24pq_VW_j8HXX2v7pv7lOF8c.CPNuaEdou-cxd-u1PqHogXpjeZP63-DNATc5lCFgwP4&dib_tag=se&keywords=macbook&qid=1722963005&sr=8-4&ufe=app_do%3Aamzn1.fos.95de73c3-5dda-43a7-bd1f-63af03b14751,"3,9 de 5 estrelas",3,1,macbook,amazon,2024-08-06T13:50:53.352308,Browser
"MacBook Pro (2023). O notebook da Apple com chip M3. CPU de 8-core e GPU de 10-core: Tela Liquid Retina XDR de 14,2 pol, 8GB memória unificada e SSD 512GB. Funciona com o iPhone/iPad. Cinza-espacial","11.799,",/MacBook-notebook-Apple-8-core-10-core/dp/B0CM75VK8L/ref=sr_1_5?dib=eyJ2IjoiMSJ9.ed-ihsuiy_YvdiPgMc7BwXhNHTTPAm4M_gNqc4k23Gcxt1BTvSujs-b59s3c0E0vnY0O7SMGLRjWDQi0oQLIXPmOAulJvfPc-lV4ijZyxdDBQcOPv89gftEq7bv6p16QEKOrOkX80AeNoxVpdMs5obRHJfU4nQSg6I59qr8N_b2GSvrHgqwlEYtye_wMjNHmA_Ila1z1GnoTANQy6WdKkGj2wFUOQdjpJ3X_bezvqBDnkqGgBSPp8zAbEXIDLun6WB88Uph14TapAOZaVVN24pq_VW_j8HXX2v7pv7lOF8c.CPNuaEdou-cxd-u1PqHogXpjeZP63-DNATc5lCFgwP4&dib_tag=se&keywords=macbook&qid=1722963005&sr=8-5&ufe=app_do%3Aamzn1.fos.95de73c3-5dda-43a7-bd1f-63af03b14751,"5,0 de 5 estrelas",3,1,macbook,amazon,2024-08-06T13:50:53.352308,Browser
"Apple notebook MacBook Pro (de 16 polegadas, Processador M1 Pro da Apple com CPU 10‑core e GPU 16‑core, 16 GB RAM, 512 GB SSD) - Prateado","12.999,",/Apple-MacBook-16-polegadas-Processador-GPU-16%E2%80%91core/dp/B09L5BKB6B/ref=sr_1_6?dib=eyJ2IjoiMSJ9.ed-ihsuiy_YvdiPgMc7BwXhNHTTPAm4M_gNqc4k23Gcxt1BTvSujs-b59s3c0E0vnY0O7SMGLRjWDQi0oQLIXPmOAulJvfPc-lV4ijZyxdDBQcOPv89gftEq7bv6p16QEKOrOkX80AeNoxVpdMs5obRHJfU4nQSg6I59qr8N_b2GSvrHgqwlEYtye_wMjNHmA_Ila1z1GnoTANQy6WdKkGj2wFUOQdjpJ3X_bezvqBDnkqGgBSPp8zAbEXIDLun6WB88Uph14TapAOZaVVN24pq_VW_j8HXX2v7pv7lOF8c.CPNuaEdou-cxd-u1PqHogXpjeZP63-DNATc5lCFgwP4&dib_tag=se&keywords=macbook&qid=1722963005&sr=8-6&ufe=app_do%3Aamzn1.fos.a492fd4a-f54d-4e8d-8c31-35e0a04ce61e,"4,9 de 5 estrelas",22,1,macbook,amazon,2024-08-06T13:50:53.352308,Browser
"MacBook Pro (2023). O notebook da Apple chip M3 Pro, CPU de 11-core e GPU de 14-core: Tela Liquid Retina XDR de 14,2 pol, 18GB memória unificada e SSD 512GB. Funciona com o iPhone/iPad. Preto-espacial","16.499,",/MacBook-notebook-Apple-11-core-14-core/dp/B0CM7DZM2X/ref=sr_1_7?dib=eyJ2IjoiMSJ9.ed-ihsuiy_YvdiPgMc7BwXhNHTTPAm4M_gNqc4k23Gcxt1BTvSujs-b59s3c0E0vnY0O7SMGLRjWDQi0oQLIXPmOAulJvfPc-lV4ijZyxdDBQcOPv89gftEq7bv6p16QEKOrOkX80AeNoxVpdMs5obRHJfU4nQSg6I59qr8N_b2GSvrHgqwlEYtye_wMjNHmA_Ila1z1GnoTANQy6WdKkGj2wFUOQdjpJ3X_bezvqBDnkqGgBSPp8zAbEXIDLun6WB88Uph14TapAOZaVVN24pq_VW_j8HXX2v7pv7lOF8c.CPNuaEdou-cxd-u1PqHogXpjeZP63-DNATc5lCFgwP4&dib_tag=se&keywords=macbook&qid=1722963005&sr=8-7&ufe=app_do%3Aamzn1.fos.95de73c3-5dda-43a7-bd1f-63af03b14751,N/A,N/A,1,macbook,amazon,2024-08-06T13:50:53.352308,Browser
"Notebook MacBook Air (2023) Apple com chip M2: tela Liquid Retina de 15,3 polegadas, 8GB GB de RAM, SSD de de 256 GB GB, teclado retroiluminado, câmera FaceTime HD de 1080p e Touch ID. Cinza-Escuro.",N/A,/Notebook-MacBook-Apple-chip-retroiluminado/dp/B0C765SKCG/ref=sr_1_8?dib=eyJ2IjoiMSJ9.ed-ihsuiy_YvdiPgMc7BwXhNHTTPAm4M_gNqc4k23Gcxt1BTvSujs-b59s3c0E0vnY0O7SMGLRjWDQi0oQLIXPmOAulJvfPc-lV4ijZyxdDBQcOPv89gftEq7bv6p16QEKOrOkX80AeNoxVpdMs5obRHJfU4nQSg6I59qr8N_b2GSvrHgqwlEYtye_wMjNHmA_Ila1z1GnoTANQy6WdKkGj2wFUOQdjpJ3X_bezvqBDnkqGgBSPp8zAbEXIDLun6WB88Uph14TapAOZaVVN24pq_VW_j8HXX2v7pv7lOF8c.CPNuaEdou-cxd-u1PqHogXpjeZP63-DNATc5lCFgwP4&dib_tag=se&keywords=macbook&qid=1722963005&sr=8-8,"4,2 de 5 estrelas",12,1,macbook,amazon,2024-08-06T13:50:53.352308,Browser
"Apple notebook MacBook Pro de 13 polegadas: Chip M2 da Apple com CPU de oito núcleos e GPU de dez núcleos, de 256 GB SSD - Prateado",N/A,/Notebook-Apple-MacBook-Pro-13-polegadas/dp/B0B3BZH3NX/ref=sr_1_9?dib=eyJ2IjoiMSJ9.ed-ihsuiy_YvdiPgMc7BwXhNHTTPAm4M_gNqc4k23Gcxt1BTvSujs-b59s3c0E0vnY0O7SMGLRjWDQi0oQLIXPmOAulJvfPc-lV4ijZyxdDBQcOPv89gftEq7bv6p16QEKOrOkX80AeNoxVpdMs5obRHJfU4nQSg6I59qr8N_b2GSvrHgqwlEYtye_wMjNHmA_Ila1z1GnoTANQy6WdKkGj2wFUOQdjpJ3X_bezvqBDnkqGgBSPp8zAbEXIDLun6WB88Uph14TapAOZaVVN24pq_VW_j8HXX2v7pv7lOF8c.CPNuaEdou-cxd-u1PqHogXpjeZP63-DNATc5lCFgwP4&dib_tag=se&keywords=macbook&qid=1722963005&sr=8-9,"4,8 de 5 estrelas",143,1,macbook,amazon,2024-08-06T13:50:53.352308,Browser
"Apple notebook MacBook Pro (de 16 polegadas, Processador M1 Max da Apple com CPU 10‑core e GPU 32‑core, 32 GB RAM, 1 TB SSD) - Cinza espacial","16.999,",/Apple-MacBook-16-polegadas-Maxcessador-GPU-32%E2%80%91core/dp/B09L5BW9WV/ref=sr_1_10?dib=eyJ2IjoiMSJ9.ed-ihsuiy_YvdiPgMc7BwXhNHTTPAm4M_gNqc4k23Gcxt1BTvSujs-b59s3c0E0vnY0O7SMGLRjWDQi0oQLIXPmOAulJvfPc-lV4ijZyxdDBQcOPv89gftEq7bv6p16QEKOrOkX80AeNoxVpdMs5obRHJfU4nQSg6I59qr8N_b2GSvrHgqwlEYtye_wMjNHmA_Ila1z1GnoTANQy6WdKkGj2wFUOQdjpJ3X_bezvqBDnkqGgBSPp8zAbEXIDLun6WB88Uph14TapAOZaVVN24pq_VW_j8HXX2v7pv7lOF8c.CPNuaEdou-cxd-u1PqHogXpjeZP63-DNATc5lCFgwP4&dib_tag=se&keywords=macbook&qid=1722963005&sr=8-10&ufe=app_do%3Aamzn1.fos.a492fd4a-f54d-4e8d-8c31-35e0a04ce61e,"5,0 de 5 estrelas",4,1,macbook,amazon,2024-08-06T13:50:53.352308,Browser
2010 Macbook,N/A,/2010-Macbook/dp/B0C2H3HGR8/ref=sr_1_11?dib=eyJ2IjoiMSJ9.ed-ihsuiy_YvdiPgMc7BwXhNHTTPAm4M_gNqc4k23Gcxt1BTvSujs-b59s3c0E0vnY0O7SMGLRjWDQi0oQLIXPmOAulJvfPc-lV4ijZyxdDBQcOPv89gftEq7bv6p16QEKOrOkX80AeNoxVpdMs5obRHJfU4nQSg6I59qr8N_b2GSvrHgqwlEYtye_wMjNHmA_Ila1z1GnoTANQy6WdKkGj2wFUOQdjpJ3X_bezvqBDnkqGgBSPp8zAbEXIDLun6WB88Uph14TapAOZaVVN24pq_VW_j8HXX2v7pv7lOF8c.CPNuaEdou-cxd-u1PqHogXpjeZP63-DNATc5lCFgwP4&dib_tag=se&keywords=macbook&qid=1722963005&sr=8-11,N/A,N/A,1,macbook,amazon,2024-08-06T13:50:53.352308,Browser
Macbook Pro Teardown,N/A,/dp/B0DCBFVWN5/ref=sr_1_12?dib=eyJ2IjoiMSJ9.ed-ihsuiy_YvdiPgMc7BwXhNHTTPAm4M_gNqc4k23Gcxt1BTvSujs-b59s3c0E0vnY0O7SMGLRjWDQi0oQLIXPmOAulJvfPc-lV4ijZyxdDBQcOPv89gftEq7bv6p16QEKOrOkX80AeNoxVpdMs5obRHJfU4nQSg6I59qr8N_b2GSvrHgqwlEYtye_wMjNHmA_Ila1z1GnoTANQy6WdKkGj2wFUOQdjpJ3X_bezvqBDnkqGgBSPp8zAbEXIDLun6WB88Uph14TapAOZaVVN24pq_VW_j8HXX2v7pv7lOF8c.CPNuaEdou-cxd-u1PqHogXpjeZP63-DNATc5lCFgwP4&dib_tag=se&keywords=macbook&qid=1722963005&sr=8-12,N/A,N/A,1,macbook,amazon,2024-08-06T13:50:53.352308,Browser
"Galaxy Book2 Intel® Core™ i5-1235U, Windows 11 Home, 8GB, 256GB SSD, Intel Iris Xe, 15.6'' Full HD LED, 1.81kg*.","3.171,",/Notebook-Samsung-i5-1235U-Windows-Grafite/dp/B0C5YT4KQZ/ref=sr_1_13?dib=eyJ2IjoiMSJ9.ed-ihsuiy_YvdiPgMc7BwXhNHTTPAm4M_gNqc4k23Gcxt1BTvSujs-b59s3c0E0vnY0O7SMGLRjWDQi0oQLIXPmOAulJvfPc-lV4ijZyxdDBQcOPv89gftEq7bv6p16QEKOrOkX80AeNoxVpdMs5obRHJfU4nQSg6I59qr8N_b2GSvrHgqwlEYtye_wMjNHmA_Ila1z1GnoTANQy6WdKkGj2wFUOQdjpJ3X_bezvqBDnkqGgBSPp8zAbEXIDLun6WB88Uph14TapAOZaVVN24pq_VW_j8HXX2v7pv7lOF8c.CPNuaEdou-cxd-u1PqHogXpjeZP63-DNATc5lCFgwP4&dib_tag=se&keywords=macbook&qid=1722963005&sr=8-13&ufe=app_do%3Aamzn1.fos.25548f35-0de7-44b3-b28e-0f56f3f96147,"4,7 de 5 estrelas",655,1,macbook,amazon,2024-08-06T13:50:53.352308,Browser
"Adaptador USB-C para HDMI 4K, USB 3.0 e Carga PD - Compatibilidade com MacBook, Thunderbolt 3 e DEX Android - Eleva Sua Experiência Multimídia e Oferece Carga Rápida-Vende Mais","59,",/Adaptador-USB-C-para-HDMI-Carga/dp/B0D2CPKQ4X/ref=sr_1_14?dib=eyJ2IjoiMSJ9.ed-ihsuiy_YvdiPgMc7BwXhNHTTPAm4M_gNqc4k23Gcxt1BTvSujs-b59s3c0E0vnY0O7SMGLRjWDQi0oQLIXPmOAulJvfPc-lV4ijZyxdDBQcOPv89gftEq7bv6p16QEKOrOkX80AeNoxVpdMs5obRHJfU4nQSg6I59qr8N_b2GSvrHgqwlEYtye_wMjNHmA_Ila1z1GnoTANQy6WdKkGj2wFUOQdjpJ3X_bezvqBDnkqGgBSPp8zAbEXIDLun6WB88Uph14TapAOZaVVN24pq_VW_j8HXX2v7pv7lOF8c.CPNuaEdou-cxd-u1PqHogXpjeZP63-DNATc5lCFgwP4&dib_tag=se&keywords=macbook&qid=1722963005&sr=8-14,"4,4 de 5 estrelas",15,1,macbook,amazon,2024-08-06T13:50:53.352308,Browser
"Notebook Positivo Duo 2 em1 Intel Celeron 4GB 128GB, Tela 11,6"" IPS HD, Windows11, Cinza - C4128B-3","1.349,",/Notebook-Positivo-Celeron-C4128B-3-Windows11/dp/B0BZ8Y9QV9/ref=sr_1_15?dib=eyJ2IjoiMSJ9.ed-ihsuiy_YvdiPgMc7BwXhNHTTPAm4M_gNqc4k23Gcxt1BTvSujs-b59s3c0E0vnY0O7SMGLRjWDQi0oQLIXPmOAulJvfPc-lV4ijZyxdDBQcOPv89gftEq7bv6p16QEKOrOkX80AeNoxVpdMs5obRHJfU4nQSg6I59qr8N_b2GSvrHgqwlEYtye_wMjNHmA_Ila1z1GnoTANQy6WdKkGj2wFUOQdjpJ3X_bezvqBDnkqGgBSPp8zAbEXIDLun6WB88Uph14TapAOZaVVN24pq_VW_j8HXX2v7pv7lOF8c.CPNuaEdou-cxd-u1PqHogXpjeZP63-DNATc5lCFgwP4&dib_tag=se&keywords=macbook&qid=1722963005&sr=8-15&ufe=app_do%3Aamzn1.fos.25548f35-0de7-44b3-b28e-0f56f3f96147,"4,5 de 5 estrelas",265,1,macbook,amazon,2024-08-06T13:50:53.352308,Browser
"Galaxy Book2 Intel® Core™ i3-1215U, Windows 11 Home, 4GB, 256GB SSD, 15.6'' Full HD LED, 1.81kg*.","2.419,",/Galaxy-Intel%C2%AE-CoreTM-i3-1215U-Windows/dp/B0CB6XBMPV/ref=sr_1_16?dib=eyJ2IjoiMSJ9.ed-ihsuiy_YvdiPgMc7BwXhNHTTPAm4M_gNqc4k23Gcxt1BTvSujs-b59s3c0E0vnY0O7SMGLRjWDQi0oQLIXPmOAulJvfPc-lV4ijZyxdDBQcOPv89gftEq7bv6p16QEKOrOkX80AeNoxVpdMs5obRHJfU4nQSg6I59qr8N_b2GSvrHgqwlEYtye_wMjNHmA_Ila1z1GnoTANQy6WdKkGj2wFUOQdjpJ3X_bezvqBDnkqGgBSPp8zAbEXIDLun6WB88Uph14TapAOZaVVN24pq_VW_j8HXX2v7pv7lOF8c.CPNuaEdou-cxd-u1PqHogXpjeZP63-DNATc5lCFgwP4&dib_tag=se&keywords=macbook&qid=1722963005&sr=8-16&ufe=app_do%3Aamzn1.fos.25548f35-0de7-44b3-b28e-0f56f3f96147,"4,7 de 5 estrelas",136,1,macbook,amazon,2024-08-06T13:50:53.352308,Browser
"Expanda Sua Conectividade: Adaptador Hub 8 em 1 para MacBook Air M1/M2/M3 e Pro - HDMI 4K, USB-C, Portas USB e Mais - FlySea","139,",/Expanda-Sua-Conectividade-Adaptador-MacBook/dp/B0CP6JZ6MB/ref=sr_1_17?dib=eyJ2IjoiMSJ9.ed-ihsuiy_YvdiPgMc7BwXhNHTTPAm4M_gNqc4k23Gcxt1BTvSujs-b59s3c0E0vnY0O7SMGLRjWDQi0oQLIXPmOAulJvfPc-lV4ijZyxdDBQcOPv89gftEq7bv6p16QEKOrOkX80AeNoxVpdMs5obRHJfU4nQSg6I59qr8N_b2GSvrHgqwlEYtye_wMjNHmA_Ila1z1GnoTANQy6WdKkGj2wFUOQdjpJ3X_bezvqBDnkqGgBSPp8zAbEXIDLun6WB88Uph14TapAOZaVVN24pq_VW_j8HXX2v7pv7lOF8c.CPNuaEdou-cxd-u1PqHogXpjeZP63-DNATc5lCFgwP4&dib_tag=se&keywords=macbook&qid=1722963005&sr=8-17&ufe=app_do%3Aamzn1.fos.6d798eae-cadf-45de-946a-f477d47705b9,"4,3 de 5 estrelas",38,1,macbook,amazon,2024-08-06T13:50:53.352308,Browser
"Lenovo 82MGS00200 IdeaPad Gaming 3i - Notebook i5-11300H, 8GB, 512GB, SSD Dedicada, GTX 1650 4GB, 15.6"", FHD WVA, Linux","4.678,",/Notebook-ideapad-i5-11300H-Dedicada-82MGS00200/dp/B0BBKX6C5R/ref=sr_1_18?dib=eyJ2IjoiMSJ9.ed-ihsuiy_YvdiPgMc7BwXhNHTTPAm4M_gNqc4k23Gcxt1BTvSujs-b59s3c0E0vnY0O7SMGLRjWDQi0oQLIXPmOAulJvfPc-lV4ijZyxdDBQcOPv89gftEq7bv6p16QEKOrOkX80AeNoxVpdMs5obRHJfU4nQSg6I59qr8N_b2GSvrHgqwlEYtye_wMjNHmA_Ila1z1GnoTANQy6WdKkGj2wFUOQdjpJ3X_bezvqBDnkqGgBSPp8zAbEXIDLun6WB88Uph14TapAOZaVVN24pq_VW_j8HXX2v7pv7lOF8c.CPNuaEdou-cxd-u1PqHogXpjeZP63-DNATc5lCFgwP4&dib_tag=se&keywords=macbook&qid=1722963005&sr=8-18&ufe=app_do%3Aamzn1.fos.25548f35-0de7-44b3-b28e-0f56f3f96147,"4,7 de 5 estrelas",955,1,macbook,amazon,2024-08-06T13:50:53.352308,Browser
"Notebook Lenovo Ideapad 1i i5-1235U 8GB 512GB SSD 15.6"" W11","2.800,",/Notebook-Lenovo-Ideapad-i5-1235U-512GB/dp/B0CK3R8JYG/ref=sr_1_19?dib=eyJ2IjoiMSJ9.ed-ihsuiy_YvdiPgMc7BwXhNHTTPAm4M_gNqc4k23Gcxt1BTvSujs-b59s3c0E0vnY0O7SMGLRjWDQi0oQLIXPmOAulJvfPc-lV4ijZyxdDBQcOPv89gftEq7bv6p16QEKOrOkX80AeNoxVpdMs5obRHJfU4nQSg6I59qr8N_b2GSvrHgqwlEYtye_wMjNHmA_Ila1z1GnoTANQy6WdKkGj2wFUOQdjpJ3X_bezvqBDnkqGgBSPp8zAbEXIDLun6WB88Uph14TapAOZaVVN24pq_VW_j8HXX2v7pv7lOF8c.CPNuaEdou-cxd-u1PqHogXpjeZP63-DNATc5lCFgwP4&dib_tag=se&keywords=macbook&qid=1722963005&sr=8-19&ufe=app_do%3Aamzn1.fos.25548f35-0de7-44b3-b28e-0f56f3f96147,"4,8 de 5 estrelas",561,1,macbook,amazon,2024-08-06T13:50:53.352308,Browser
"MOSISO compatível com MacBook Air 13 polegadas, 2021-2018 A2337 M1 A2179 A1932 Tela Retina Touch ID, capa dura de plástico, capa para teclado, protetor de tela e bolsa de armazenamento, Azul Verde","239,",/pl%C3%A1stico-protetor-armazenamento-compat%C3%ADvel-polegadas/dp/B085S36QQL/ref=sr_1_20?dib=eyJ2IjoiMSJ9.ed-ihsuiy_YvdiPgMc7BwXhNHTTPAm4M_gNqc4k23Gcxt1BTvSujs-b59s3c0E0vnY0O7SMGLRjWDQi0oQLIXPmOAulJvfPc-lV4ijZyxdDBQcOPv89gftEq7bv6p16QEKOrOkX80AeNoxVpdMs5obRHJfU4nQSg6I59qr8N_b2GSvrHgqwlEYtye_wMjNHmA_Ila1z1GnoTANQy6WdKkGj2wFUOQdjpJ3X_bezvqBDnkqGgBSPp8zAbEXIDLun6WB88Uph14TapAOZaVVN24pq_VW_j8HXX2v7pv7lOF8c.CPNuaEdou-cxd-u1PqHogXpjeZP63-DNATc5lCFgwP4&dib_tag=se&keywords=macbook&qid=1722963005&sr=8-20&ufe=app_do%3Aamzn1.fos.6a09f7ec-d911-4889-ad70-de8dd83c8a74,"4,2 de 5 estrelas",13.201,1,macbook,amazon,2024-08-06T13:50:53.352308,Browser
"Suporte para laptop, suporte para laptop, suporte para computador Riser, suporte de notebook portátil dobrável de alumínio ajustável, compatível com MacBook Air Pro, HP, Lenovo, Dell,","21,",/gp/bestsellers/computers/16364859011/ref=sr_bs_20_16364859011_1,"4,6 de 5 estrelas",11.774,1,macbook,amazon,2024-08-06T13:50:53.352308,Browser
Notebook Galaxy Book3 360 Windows 11 Home Intel Core i7-1360P 16GB 512 GB SSD 15.6'' Full HD AMOLED 1.46 kg,"7.078,",/Notebook-Galaxy-Windows-i7-1360P-AMOLED/dp/B0C5RYJ9ZQ/ref=sr_1_22?dib=eyJ2IjoiMSJ9.ed-ihsuiy_YvdiPgMc7BwXhNHTTPAm4M_gNqc4k23Gcxt1BTvSujs-b59s3c0E0vnY0O7SMGLRjWDQi0oQLIXPmOAulJvfPc-lV4ijZyxdDBQcOPv89gftEq7bv6p16QEKOrOkX80AeNoxVpdMs5obRHJfU4nQSg6I59qr8N_b2GSvrHgqwlEYtye_wMjNHmA_Ila1z1GnoTANQy6WdKkGj2wFUOQdjpJ3X_bezvqBDnkqGgBSPp8zAbEXIDLun6WB88Uph14TapAOZaVVN24pq_VW_j8HXX2v7pv7lOF8c.CPNuaEdou-cxd-u1PqHogXpjeZP63-DNATc5lCFgwP4&dib_tag=se&keywords=macbook&qid=1722963005&sr=8-22&ufe=app_do%3Aamzn1.fos.a492fd4a-f54d-4e8d-8c31-35e0a04ce61e,"4,8 de 5 estrelas",236,1,macbook,amazon,2024-08-06T13:50:53.352308,Browser
"Notebook Dell XPS 13 X13-U7155H-M10 13.4"" Full HD+ Intel® Core™ Ultra 7 16GB 512GB SSD Win 11","10.979,",/Notebook-Dell-X13-U7155H-M10-Intel%C2%AE-CoreTM/dp/B0D8V4HSQM/ref=sr_1_23?dib=eyJ2IjoiMSJ9.ed-ihsuiy_YvdiPgMc7BwXhNHTTPAm4M_gNqc4k23Gcxt1BTvSujs-b59s3c0E0vnY0O7SMGLRjWDQi0oQLIXPmOAulJvfPc-lV4ijZyxdDBQcOPv89gftEq7bv6p16QEKOrOkX80AeNoxVpdMs5obRHJfU4nQSg6I59qr8N_b2GSvrHgqwlEYtye_wMjNHmA_Ila1z1GnoTANQy6WdKkGj2wFUOQdjpJ3X_bezvqBDnkqGgBSPp8zAbEXIDLun6WB88Uph14TapAOZaVVN24pq_VW_j8HXX2v7pv7lOF8c.CPNuaEdou-cxd-u1PqHogXpjeZP63-DNATc5lCFgwP4&dib_tag=se&keywords=macbook&qid=1722963005&sr=8-23&ufe=app_do%3Aamzn1.fos.a492fd4a-f54d-4e8d-8c31-35e0a04ce61e,N/A,N/A,1,macbook,amazon,2024-08-06T13:50:53.352308,Browser
"Notebook Samsung Galaxy Book Go, Windows 11 Home, 4GB, 128GB UFS, 14'' Full HD LED, 1.38kg","1.949,",/Notebook-Samsung-Galaxy-Windows-1-38kg/dp/B0C2VTDM2H/ref=sr_1_24?dib=eyJ2IjoiMSJ9.ed-ihsuiy_YvdiPgMc7BwXhNHTTPAm4M_gNqc4k23Gcxt1BTvSujs-b59s3c0E0vnY0O7SMGLRjWDQi0oQLIXPmOAulJvfPc-lV4ijZyxdDBQcOPv89gftEq7bv6p16QEKOrOkX80AeNoxVpdMs5obRHJfU4nQSg6I59qr8N_b2GSvrHgqwlEYtye_wMjNHmA_Ila1z1GnoTANQy6WdKkGj2wFUOQdjpJ3X_bezvqBDnkqGgBSPp8zAbEXIDLun6WB88Uph14TapAOZaVVN24pq_VW_j8HXX2v7pv7lOF8c.CPNuaEdou-cxd-u1PqHogXpjeZP63-DNATc5lCFgwP4&dib_tag=se&keywords=macbook&qid=1722963005&sr=8-24&ufe=app_do%3Aamzn1.fos.a492fd4a-f54d-4e8d-8c31-35e0a04ce61e,"4,6 de 5 estrelas",512,1,macbook,amazon,2024-08-06T13:50:53.352308,Browser
"Plug Tomada Adaptador Para Macbook, iPhone,ipad Apple Brasil Carbono Brasil","36,",/Tomada-Adaptador-Macbook-iPhone-Carbono/dp/B0BK74CHF7/ref=sr_1_25?dib=eyJ2IjoiMSJ9.ed-ihsuiy_YvdiPgMc7BwXhNHTTPAm4M_gNqc4k23Gcxt1BTvSujs-b59s3c0E0vnY0O7SMGLRjWDQi0oQLIXPmOAulJvfPc-lV4ijZyxdDBQcOPv89gftEq7bv6p16QEKOrOkX80AeNoxVpdMs5obRHJfU4nQSg6I59qr8N_b2GSvrHgqwlEYtye_wMjNHmA_Ila1z1GnoTANQy6WdKkGj2wFUOQdjpJ3X_bezvqBDnkqGgBSPp8zAbEXIDLun6WB88Uph14TapAOZaVVN24pq_VW_j8HXX2v7pv7lOF8c.CPNuaEdou-cxd-u1PqHogXpjeZP63-DNATc5lCFgwP4&dib_tag=se&keywords=macbook&qid=1722963005&sr=8-25,"4,7 de 5 estrelas",351,1,macbook,amazon,2024-08-06T13:50:53.352308,Browser
"Lenovo 82MD0007BR IdeaPad 3i i5 - Notebook-1135G7 8GB 256GB SSD Placa de Vídeo Intel Iris Xe Windows 11 15.6', Cinza","4.427,",/Notebook-Lenovo-IdeaPad-i5-1135G7-82MD0007BR/dp/B0B35BGG1P/ref=sr_1_26?dib=eyJ2IjoiMSJ9.ed-ihsuiy_YvdiPgMc7BwXhNHTTPAm4M_gNqc4k23Gcxt1BTvSujs-b59s3c0E0vnY0O7SMGLRjWDQi0oQLIXPmOAulJvfPc-lV4ijZyxdDBQcOPv89gftEq7bv6p16QEKOrOkX80AeNoxVpdMs5obRHJfU4nQSg6I59qr8N_b2GSvrHgqwlEYtye_wMjNHmA_Ila1z1GnoTANQy6WdKkGj2wFUOQdjpJ3X_bezvqBDnkqGgBSPp8zAbEXIDLun6WB88Uph14TapAOZaVVN24pq_VW_j8HXX2v7pv7lOF8c.CPNuaEdou-cxd-u1PqHogXpjeZP63-DNATc5lCFgwP4&dib_tag=se&keywords=macbook&qid=1722963005&sr=8-26&ufe=app_do%3Aamzn1.fos.25548f35-0de7-44b3-b28e-0f56f3f96147,"4,7 de 5 estrelas",2.140,1,macbook,amazon,2024-08-06T13:50:53.352308,Browser
"Notebook VAIO FE15 Intel Core i5 11ª gen 8GB RAM 512GB SSD, Tela 15.6 Polegadas Full HD Antirreflexo, Windows 11 Home, Cinza Grafite - VJFE55F11X-B0211H",N/A,/Notebook-VAIO-Intel%C2%AE-Antirreflexo-Windows/dp/B0CB4V3L1B/ref=sr_1_27?dib=eyJ2IjoiMSJ9.ed-ihsuiy_YvdiPgMc7BwXhNHTTPAm4M_gNqc4k23Gcxt1BTvSujs-b59s3c0E0vnY0O7SMGLRjWDQi0oQLIXPmOAulJvfPc-lV4ijZyxdDBQcOPv89gftEq7bv6p16QEKOrOkX80AeNoxVpdMs5obRHJfU4nQSg6I59qr8N_b2GSvrHgqwlEYtye_wMjNHmA_Ila1z1GnoTANQy6WdKkGj2wFUOQdjpJ3X_bezvqBDnkqGgBSPp8zAbEXIDLun6WB88Uph14TapAOZaVVN24pq_VW_j8HXX2v7pv7lOF8c.CPNuaEdou-cxd-u1PqHogXpjeZP63-DNATc5lCFgwP4&dib_tag=se&keywords=macbook&qid=1722963005&sr=8-27,"4,4 de 5 estrelas",566,1,macbook,amazon,2024-08-06T13:50:53.352308,Browser
"Capa para laptop de 13 polegadas com suporte ajustável, resistente a impactos e mouse pad para MacBook Pro de 13 polegadas e MacBook Air, XPS 13, Surface Book de 13,5 polegadas, 12,9 polegadas, preto, Nillkin","196,",/polegadas-ajust%C3%A1vel-resistente-impactos-Nillkin/dp/B08H8NC2ZQ/ref=sr_1_28_mod_primary_new?dib=eyJ2IjoiMSJ9.ed-ihsuiy_YvdiPgMc7BwXhNHTTPAm4M_gNqc4k23Gcxt1BTvSujs-b59s3c0E0vnY0O7SMGLRjWDQi0oQLIXPmOAulJvfPc-lV4ijZyxdDBQcOPv89gftEq7bv6p16QEKOrOkX80AeNoxVpdMs5obRHJfU4nQSg6I59qr8N_b2GSvrHgqwlEYtye_wMjNHmA_Ila1z1GnoTANQy6WdKkGj2wFUOQdjpJ3X_bezvqBDnkqGgBSPp8zAbEXIDLun6WB88Uph14TapAOZaVVN24pq_VW_j8HXX2v7pv7lOF8c.CPNuaEdou-cxd-u1PqHogXpjeZP63-DNATc5lCFgwP4&dib_tag=se&keywords=macbook&qid=1722963005&sbo=RZvfv%2F%2FHxDF%2BO5021pAnSA%3D%3D&sr=8-28,"4,6 de 5 estrelas",1.218,1,macbook,amazon,2024-08-06T13:50:53.352308,Browser
"Galaxy Book3 Intel® Core™ i7-1360P, Windows 11 Home, 16GB, 512GB SSD, Placa Gráfica Intel® Arc™, 15.6'' Full HD LED, 1.60kg",N/A,/Galaxy-Intel%C2%AE-i7-1360P-Windows-Gr%C3%A1fica/dp/B0156Q4RH4/ref=sr_1_29?dib=eyJ2IjoiMSJ9.ed-ihsuiy_YvdiPgMc7BwXhNHTTPAm4M_gNqc4k23Gcxt1BTvSujs-b59s3c0E0vnY0O7SMGLRjWDQi0oQLIXPmOAulJvfPc-lV4ijZyxdDBQcOPv89gftEq7bv6p16QEKOrOkX80AeNoxVpdMs5obRHJfU4nQSg6I59qr8N_b2GSvrHgqwlEYtye_wMjNHmA_Ila1z1GnoTANQy6WdKkGj2wFUOQdjpJ3X_bezvqBDnkqGgBSPp8zAbEXIDLun6WB88Uph14TapAOZaVVN24pq_VW_j8HXX2v7pv7lOF8c.CPNuaEdou-cxd-u1PqHogXpjeZP63-DNATc5lCFgwP4&dib_tag=se&keywords=macbook&qid=1722963005&sr=8-29,"4,7 de 5 estrelas",56,1,macbook,amazon,2024-08-06T13:50:53.352308,Browser
"Computador Mac mini da Apple Chip M2 da Apple com CPU de 8 núcleos e GPU de 10 núcleos com 2023: 8GB de Memória unificada, de 512 GB de armazenamento SSD, Ethernet Gigabit.","7.199,",/Computador-Mac-Apple-n%C3%BAcleos-n%C3%BAcleos/dp/B0BSHW9GD5/ref=sr_1_30?dib=eyJ2IjoiMSJ9.ed-ihsuiy_YvdiPgMc7BwXhNHTTPAm4M_gNqc4k23Gcxt1BTvSujs-b59s3c0E0vnY0O7SMGLRjWDQi0oQLIXPmOAulJvfPc-lV4ijZyxdDBQcOPv89gftEq7bv6p16QEKOrOkX80AeNoxVpdMs5obRHJfU4nQSg6I59qr8N_b2GSvrHgqwlEYtye_wMjNHmA_Ila1z1GnoTANQy6WdKkGj2wFUOQdjpJ3X_bezvqBDnkqGgBSPp8zAbEXIDLun6WB88Uph14TapAOZaVVN24pq_VW_j8HXX2v7pv7lOF8c.CPNuaEdou-cxd-u1PqHogXpjeZP63-DNATc5lCFgwP4&dib_tag=se&keywords=macbook&qid=1722963005&sr=8-30&ufe=app_do%3Aamzn1.fos.95de73c3-5dda-43a7-bd1f-63af03b14751,"4,6 de 5 estrelas",34,1,macbook,amazon,2024-08-06T13:50:53.352308,Browser
"Apple iMac (de 24 polegadas, Processador M1 da Apple com CPU 8‑core e GPU 8‑core, 8 GB RAM, 256 GB) - Azul","11.398,",/Apple-iMac-24-polegadas-Processador-GPU-8%E2%80%91core/dp/B09B2QNHJB/ref=sr_1_31?dib=eyJ2IjoiMSJ9.ed-ihsuiy_YvdiPgMc7BwXhNHTTPAm4M_gNqc4k23Gcxt1BTvSujs-b59s3c0E0vnY0O7SMGLRjWDQi0oQLIXPmOAulJvfPc-lV4ijZyxdDBQcOPv89gftEq7bv6p16QEKOrOkX80AeNoxVpdMs5obRHJfU4nQSg6I59qr8N_b2GSvrHgqwlEYtye_wMjNHmA_Ila1z1GnoTANQy6WdKkGj2wFUOQdjpJ3X_bezvqBDnkqGgBSPp8zAbEXIDLun6WB88Uph14TapAOZaVVN24pq_VW_j8HXX2v7pv7lOF8c.CPNuaEdou-cxd-u1PqHogXpjeZP63-DNATc5lCFgwP4&dib_tag=se&keywords=macbook&qid=1722963005&sr=8-31&ufe=app_do%3Aamzn1.fos.25548f35-0de7-44b3-b28e-0f56f3f96147,"5,0 de 5 estrelas",49,1,macbook,amazon,2024-08-06T13:50:53.352308,Browser
"Apple iPad Pro Wi-Fi de 12,9 polegadas (Wi-Fi, 128 GB) - Prateado","6.999,",/Apple-iPad-Pro-Wi-Fi-polegadas-128-GB/dp/B09717XD7C/ref=sr_1_32?dib=eyJ2IjoiMSJ9.ed-ihsuiy_YvdiPgMc7BwXhNHTTPAm4M_gNqc4k23Gcxt1BTvSujs-b59s3c0E0vnY0O7SMGLRjWDQi0oQLIXPmOAulJvfPc-lV4ijZyxdDBQcOPv89gftEq7bv6p16QEKOrOkX80AeNoxVpdMs5obRHJfU4nQSg6I59qr8N_b2GSvrHgqwlEYtye_wMjNHmA_Ila1z1GnoTANQy6WdKkGj2wFUOQdjpJ3X_bezvqBDnkqGgBSPp8zAbEXIDLun6WB88Uph14TapAOZaVVN24pq_VW_j8HXX2v7pv7lOF8c.CPNuaEdou-cxd-u1PqHogXpjeZP63-DNATc5lCFgwP4&dib_tag=se&keywords=macbook&qid=1722963005&sr=8-32&ufe=app_do%3Aamzn1.fos.25548f35-0de7-44b3-b28e-0f56f3f96147,"4,9 de 5 estrelas",45,1,macbook,amazon,2024-08-06T13:50:53.352308,Browser
"STOON Suporte para laptop de altura ajustável, suporte ergonômico portátil para laptop, suporte para mesa, suporte dobrável de alumínio compatível com MacBook Air Pro, Dell XPS, HP (10 a 16 polegadas) - prata","272,",/STOON-ajust%C3%A1vel-ergon%C3%B4mico-compat%C3%ADvel-polegadas/dp/B0BYZH85KD/ref=sr_1_33?dib=eyJ2IjoiMSJ9.ed-ihsuiy_YvdiPgMc7BwXhNHTTPAm4M_gNqc4k23Gcxt1BTvSujs-b59s3c0E0vnY0O7SMGLRjWDQi0oQLIXPmOAulJvfPc-lV4ijZyxdDBQcOPv89gftEq7bv6p16QEKOrOkX80AeNoxVpdMs5obRHJfU4nQSg6I59qr8N_b2GSvrHgqwlEYtye_wMjNHmA_Ila1z1GnoTANQy6WdKkGj2wFUOQdjpJ3X_bezvqBDnkqGgBSPp8zAbEXIDLun6WB88Uph14TapAOZaVVN24pq_VW_j8HXX2v7pv7lOF8c.CPNuaEdou-cxd-u1PqHogXpjeZP63-DNATc5lCFgwP4&dib_tag=se&keywords=macbook&qid=1722963005&sr=8-33&ufe=app_do%3Aamzn1.fos.db68964d-7c0e-4bb2-a95c-e5cb9e32eb12,"4,7 de 5 estrelas",564,1,macbook,amazon,2024-08-06T13:50:53.352308,Browser
"Galaxy Book2 Intel® Core™ i7-1255U, Windows 11 Home, 8GB, 256GB SSD, 15.6'' Full HD LED, 1.81kg*.","3.699,",/Notebook-Samsung-i7-1255U-Windows-Grafite/dp/B0C5JWYN85/ref=sr_1_34?dib=eyJ2IjoiMSJ9.ed-ihsuiy_YvdiPgMc7BwXhNHTTPAm4M_gNqc4k23Gcxt1BTvSujs-b59s3c0E0vnY0O7SMGLRjWDQi0oQLIXPmOAulJvfPc-lV4ijZyxdDBQcOPv89gftEq7bv6p16QEKOrOkX80AeNoxVpdMs5obRHJfU4nQSg6I59qr8N_b2GSvrHgqwlEYtye_wMjNHmA_Ila1z1GnoTANQy6WdKkGj2wFUOQdjpJ3X_bezvqBDnkqGgBSPp8zAbEXIDLun6WB88Uph14TapAOZaVVN24pq_VW_j8HXX2v7pv7lOF8c.CPNuaEdou-cxd-u1PqHogXpjeZP63-DNATc5lCFgwP4&dib_tag=se&keywords=macbook&qid=1722963005&sr=8-34&ufe=app_do%3Aamzn1.fos.25548f35-0de7-44b3-b28e-0f56f3f96147,"4,0 de 5 estrelas",19,1,macbook,amazon,2024-08-06T13:50:53.352308,Browser
"Notebook Dell XPS 13 X13-U7155H-M30 13.4"" 3K OLED Touch Intel® Core™ Ultra 7 32GB 1TB SSD Win 11","13.869,",/Notebook-Dell-X13-U7155H-M30-Intel%C2%AE-CoreTM/dp/B0D8TW562S/ref=sr_1_35?dib=eyJ2IjoiMSJ9.ed-ihsuiy_YvdiPgMc7BwXhNHTTPAm4M_gNqc4k23Gcxt1BTvSujs-b59s3c0E0vnY0O7SMGLRjWDQi0oQLIXPmOAulJvfPc-lV4ijZyxdDBQcOPv89gftEq7bv6p16QEKOrOkX80AeNoxVpdMs5obRHJfU4nQSg6I59qr8N_b2GSvrHgqwlEYtye_wMjNHmA_Ila1z1GnoTANQy6WdKkGj2wFUOQdjpJ3X_bezvqBDnkqGgBSPp8zAbEXIDLun6WB88Uph14TapAOZaVVN24pq_VW_j8HXX2v7pv7lOF8c.CPNuaEdou-cxd-u1PqHogXpjeZP63-DNATc5lCFgwP4&dib_tag=se&keywords=macbook&qid=1722963005&sr=8-35&ufe=app_do%3Aamzn1.fos.a492fd4a-f54d-4e8d-8c31-35e0a04ce61e,N/A,N/A,1,macbook,amazon,2024-08-06T13:50:53.352308,Browser
mophie - Universal Battery-Powerstation PRO AC-FG-Preto,N/A,/mophie-Universal-Battery-Powerstation-PRO-AC-FG-Preto/dp/B0BWSDWZ96/ref=sr_1_36?dib=eyJ2IjoiMSJ9.ed-ihsuiy_YvdiPgMc7BwXhNHTTPAm4M_gNqc4k23Gcxt1BTvSujs-b59s3c0E0vnY0O7SMGLRjWDQi0oQLIXPmOAulJvfPc-lV4ijZyxdDBQcOPv89gftEq7bv6p16QEKOrOkX80AeNoxVpdMs5obRHJfU4nQSg6I59qr8N_b2GSvrHgqwlEYtye_wMjNHmA_Ila1z1GnoTANQy6WdKkGj2wFUOQdjpJ3X_bezvqBDnkqGgBSPp8zAbEXIDLun6WB88Uph14TapAOZaVVN24pq_VW_j8HXX2v7pv7lOF8c.CPNuaEdou-cxd-u1PqHogXpjeZP63-DNATc5lCFgwP4&dib_tag=se&keywords=macbook&qid=1722963005&sr=8-36,"2,7 de 5 estrelas",89,1,macbook,amazon,2024-08-06T13:50:53.352308,Browser
"Apple iMac (de 24 polegadas, Processador M1 da Apple com CPU 8‑core e GPU 7‑core, 8 GB RAM, 256 GB) - Verde","17.599,",/Apple-24-polegadas-Processador-8%E2%80%91core-GPU-7%E2%80%91core/dp/B09L53563Q/ref=sr_1_37?dib=eyJ2IjoiMSJ9.ed-ihsuiy_YvdiPgMc7BwXhNHTTPAm4M_gNqc4k23Gcxt1BTvSujs-b59s3c0E0vnY0O7SMGLRjWDQi0oQLIXPmOAulJvfPc-lV4ijZyxdDBQcOPv89gftEq7bv6p16QEKOrOkX80AeNoxVpdMs5obRHJfU4nQSg6I59qr8N_b2GSvrHgqwlEYtye_wMjNHmA_Ila1z1GnoTANQy6WdKkGj2wFUOQdjpJ3X_bezvqBDnkqGgBSPp8zAbEXIDLun6WB88Uph14TapAOZaVVN24pq_VW_j8HXX2v7pv7lOF8c.CPNuaEdou-cxd-u1PqHogXpjeZP63-DNATc5lCFgwP4&dib_tag=se&keywords=macbook&qid=1722963005&sr=8-37&ufe=app_do%3Aamzn1.fos.25548f35-0de7-44b3-b28e-0f56f3f96147,"4,3 de 5 estrelas",26,1,macbook,amazon,2024-08-06T13:50:53.352308,Browser
"B BELK Capa compatível com MacBook Air de 13 polegadas para MacBook Air M1 2021 2020 2019 2018 modelo A2337 A2179 A1932 com Touch ID, capa rígida para laptop de plástico transparente","289,",/polegadas-pl%C3%A1stico-transparente-protetor-touchpad/dp/B08DD4S6C6/ref=sr_1_38?dib=eyJ2IjoiMSJ9.ed-ihsuiy_YvdiPgMc7BwXhNHTTPAm4M_gNqc4k23Gcxt1BTvSujs-b59s3c0E0vnY0O7SMGLRjWDQi0oQLIXPmOAulJvfPc-lV4ijZyxdDBQcOPv89gftEq7bv6p16QEKOrOkX80AeNoxVpdMs5obRHJfU4nQSg6I59qr8N_b2GSvrHgqwlEYtye_wMjNHmA_Ila1z1GnoTANQy6WdKkGj2wFUOQdjpJ3X_bezvqBDnkqGgBSPp8zAbEXIDLun6WB88Uph14TapAOZaVVN24pq_VW_j8HXX2v7pv7lOF8c.CPNuaEdou-cxd-u1PqHogXpjeZP63-DNATc5lCFgwP4&dib_tag=se&keywords=macbook&qid=1722963005&sr=8-38&ufe=app_do%3Aamzn1.fos.db68964d-7c0e-4bb2-a95c-e5cb9e32eb12,"4,4 de 5 estrelas",8.756,1,macbook,amazon,2024-08-06T13:50:53.352308,Browser
"USB C Hub, Cabos & Plugs USB-C para HDMI 4k RJ45 Ethernet Carregamento PD Charger, 2 portas USB 3.0 e leitor de cartões SD/TF, compátivel com Macbook, tablets, celulares","105,",/Cabos-Plugs-Carregamento-comp%C3%A1tivel-celulares/dp/B0B3M48MYF/ref=sr_1_39?dib=eyJ2IjoiMSJ9.ed-ihsuiy_YvdiPgMc7BwXhNHTTPAm4M_gNqc4k23Gcxt1BTvSujs-b59s3c0E0vnY0O7SMGLRjWDQi0oQLIXPmOAulJvfPc-lV4ijZyxdDBQcOPv89gftEq7bv6p16QEKOrOkX80AeNoxVpdMs5obRHJfU4nQSg6I59qr8N_b2GSvrHgqwlEYtye_wMjNHmA_Ila1z1GnoTANQy6WdKkGj2wFUOQdjpJ3X_bezvqBDnkqGgBSPp8zAbEXIDLun6WB88Uph14TapAOZaVVN24pq_VW_j8HXX2v7pv7lOF8c.CPNuaEdou-cxd-u1PqHogXpjeZP63-DNATc5lCFgwP4&dib_tag=se&keywords=macbook&qid=1722963005&sr=8-39&ufe=app_do%3Aamzn1.fos.6d798eae-cadf-45de-946a-f477d47705b9,"4,4 de 5 estrelas",830,1,macbook,amazon,2024-08-06T13:50:53.352308,Browser
"Samsung Book Core i5-1135G7, 8G, 512GB SSD, Iris Xe, 15.6""FHD, W11 Cinza","4.389,",/Notebook-Samsung-512GB-Windows-Chumbo/dp/B09MDDDCBW/ref=sr_1_40?dib=eyJ2IjoiMSJ9.ed-ihsuiy_YvdiPgMc7BwXhNHTTPAm4M_gNqc4k23Gcxt1BTvSujs-b59s3c0E0vnY0O7SMGLRjWDQi0oQLIXPmOAulJvfPc-lV4ijZyxdDBQcOPv89gftEq7bv6p16QEKOrOkX80AeNoxVpdMs5obRHJfU4nQSg6I59qr8N_b2GSvrHgqwlEYtye_wMjNHmA_Ila1z1GnoTANQy6WdKkGj2wFUOQdjpJ3X_bezvqBDnkqGgBSPp8zAbEXIDLun6WB88Uph14TapAOZaVVN24pq_VW_j8HXX2v7pv7lOF8c.CPNuaEdou-cxd-u1PqHogXpjeZP63-DNATc5lCFgwP4&dib_tag=se&keywords=macbook&qid=1722963005&sr=8-40&ufe=app_do%3Aamzn1.fos.a492fd4a-f54d-4e8d-8c31-35e0a04ce61e,"4,6 de 5 estrelas",1.065,1,macbook,amazon,2024-08-06T13:50:53.352308,Browser
"Apple 2024 MacBook Air (de 13 polegadas, Chip M3 da Apple com CPU de oito núcleos e GPU de dez núcleos, 8GB Memória unificada, de 512 GB) - Meia-noite","14.758,",/Apple-MacBook-polegadas-n%C3%BAcleos-unificada/dp/B0CX5G2RXH/ref=sr_1_41?dib=eyJ2IjoiMSJ9.ed-ihsuiy_YvdiPgMc7BwXhNHTTPAm4M_gNqc4k23Gcxt1BTvSujs-b59s3c0E0vnY0O7SMGLRjWDQi0oQLIXPmOAulJvfPc-lV4ijZyxdDBQcOPv89gftEq7bv6p16QEKOrOkX80AeNoxVpdMs5obRHJfU4nQSg6I59qr8N_b2GSvrHgqwlEYtye_wMjNHmA_Ila1z1GnoTANQy6WdKkGj2wFUOQdjpJ3X_bezvqBDnkqGgBSPp8zAbEXIDLun6WB88Uph14TapAOZaVVN24pq_VW_j8HXX2v7pv7lOF8c.CPNuaEdou-cxd-u1PqHogXpjeZP63-DNATc5lCFgwP4&dib_tag=se&keywords=macbook&qid=1722963005&sr=8-41&ufe=app_do%3Aamzn1.fos.a492fd4a-f54d-4e8d-8c31-35e0a04ce61e,N/A,N/A,1,macbook,amazon,2024-08-06T13:50:53.352308,Browser
"Notebook Avell B.On Intel Iris Xe Graphics 80 - i5 1135G7, 8GB, 250GB SSD NVME, Windows 10 HSL - Prata","4.199,",/Notebook-Avell-Intel-Iris-Graphics/dp/B09GPS43JV/ref=sr_1_42?dib=eyJ2IjoiMSJ9.ed-ihsuiy_YvdiPgMc7BwXhNHTTPAm4M_gNqc4k23Gcxt1BTvSujs-b59s3c0E0vnY0O7SMGLRjWDQi0oQLIXPmOAulJvfPc-lV4ijZyxdDBQcOPv89gftEq7bv6p16QEKOrOkX80AeNoxVpdMs5obRHJfU4nQSg6I59qr8N_b2GSvrHgqwlEYtye_wMjNHmA_Ila1z1GnoTANQy6WdKkGj2wFUOQdjpJ3X_bezvqBDnkqGgBSPp8zAbEXIDLun6WB88Uph14TapAOZaVVN24pq_VW_j8HXX2v7pv7lOF8c.CPNuaEdou-cxd-u1PqHogXpjeZP63-DNATc5lCFgwP4&dib_tag=se&keywords=macbook&qid=1722963005&sr=8-42&ufe=app_do%3Aamzn1.fos.25548f35-0de7-44b3-b28e-0f56f3f96147,"3,0 de 5 estrelas",2,1,macbook,amazon,2024-08-06T13:50:53.352308,Browser
"GUULAN Hub Adaptador 8 em 1 Dockstation HUB USB C Multiportas Ethernet RJ 45 SD TF Leitor de Cartão HDMI USB 2.0 USB 3.0 USB-C USB-C PD, Compatível com Laptops, Notebooks, Smartphones, MacBook Air","119,",/Adaptador-Dockstation-Multiportas-Compat%C3%ADvel-Smartphones/dp/B0CZ6SJXF9/ref=sr_1_43?dib=eyJ2IjoiMSJ9.ed-ihsuiy_YvdiPgMc7BwXhNHTTPAm4M_gNqc4k23Gcxt1BTvSujs-b59s3c0E0vnY0O7SMGLRjWDQi0oQLIXPmOAulJvfPc-lV4ijZyxdDBQcOPv89gftEq7bv6p16QEKOrOkX80AeNoxVpdMs5obRHJfU4nQSg6I59qr8N_b2GSvrHgqwlEYtye_wMjNHmA_Ila1z1GnoTANQy6WdKkGj2wFUOQdjpJ3X_bezvqBDnkqGgBSPp8zAbEXIDLun6WB88Uph14TapAOZaVVN24pq_VW_j8HXX2v7pv7lOF8c.CPNuaEdou-cxd-u1PqHogXpjeZP63-DNATc5lCFgwP4&dib_tag=se&keywords=macbook&qid=1722963005&sr=8-43&ufe=app_do%3Aamzn1.fos.a492fd4a-f54d-4e8d-8c31-35e0a04ce61e,"5,0 de 5 estrelas",5,1,macbook,amazon,2024-08-06T13:50:53.352308,Browser
"Notebook Lenovo IdeaPad 3i i3-1115G4 4GB 256GB SSD Intel UHD Graphics Windows 11 15.6', Cinza, 82MD000ABR",N/A,/Notebook-Lenovo-i3-1115G4-Graphics-82MD000ABR/dp/B09ZKCVTFR/ref=sr_1_44?dib=eyJ2IjoiMSJ9.ed-ihsuiy_YvdiPgMc7BwXhNHTTPAm4M_gNqc4k23Gcxt1BTvSujs-b59s3c0E0vnY0O7SMGLRjWDQi0oQLIXPmOAulJvfPc-lV4ijZyxdDBQcOPv89gftEq7bv6p16QEKOrOkX80AeNoxVpdMs5obRHJfU4nQSg6I59qr8N_b2GSvrHgqwlEYtye_wMjNHmA_Ila1z1GnoTANQy6WdKkGj2wFUOQdjpJ3X_bezvqBDnkqGgBSPp8zAbEXIDLun6WB88Uph14TapAOZaVVN24pq_VW_j8HXX2v7pv7lOF8c.CPNuaEdou-cxd-u1PqHogXpjeZP63-DNATc5lCFgwP4&dib_tag=se&keywords=macbook&qid=1722963005&sr=8-44,"4,7 de 5 estrelas",2.152,1,macbook,amazon,2024-08-06T13:50:53.352308,Browser
"Chromebook Lenovo 100e Gen 3 Intel Celeron N4500 4GB 32GB eMMC Google Chrome 11.6"" Antirreflexo 82V00008BR Preto","2.099,",/Chromebook-Lenovo-Celeron-Antirreflexo-82V00008BR/dp/B0D3FS9CY1/ref=sr_1_45?dib=eyJ2IjoiMSJ9.ed-ihsuiy_YvdiPgMc7BwXhNHTTPAm4M_gNqc4k23Gcxt1BTvSujs-b59s3c0E0vnY0O7SMGLRjWDQi0oQLIXPmOAulJvfPc-lV4ijZyxdDBQcOPv89gftEq7bv6p16QEKOrOkX80AeNoxVpdMs5obRHJfU4nQSg6I59qr8N_b2GSvrHgqwlEYtye_wMjNHmA_Ila1z1GnoTANQy6WdKkGj2wFUOQdjpJ3X_bezvqBDnkqGgBSPp8zAbEXIDLun6WB88Uph14TapAOZaVVN24pq_VW_j8HXX2v7pv7lOF8c.CPNuaEdou-cxd-u1PqHogXpjeZP63-DNATc5lCFgwP4&dib_tag=se&keywords=macbook&qid=1722963005&sr=8-45&ufe=app_do%3Aamzn1.fos.a492fd4a-f54d-4e8d-8c31-35e0a04ce61e,N/A,N/A,1,macbook,amazon,2024-08-06T13:50:53.352308,Browser
"Notebook Galaxy Book3 360 Windows 11 Home Intel Core™ i5-1335U 16 GB 512 GB SSD 13.3"" Full HD AMOLED 1.16 kg",N/A,/Notebook-Galaxy-Windows-CoreTM-i5-1335U/dp/B0C5RY1WG9/ref=sr_1_46?dib=eyJ2IjoiMSJ9.ed-ihsuiy_YvdiPgMc7BwXhNHTTPAm4M_gNqc4k23Gcxt1BTvSujs-b59s3c0E0vnY0O7SMGLRjWDQi0oQLIXPmOAulJvfPc-lV4ijZyxdDBQcOPv89gftEq7bv6p16QEKOrOkX80AeNoxVpdMs5obRHJfU4nQSg6I59qr8N_b2GSvrHgqwlEYtye_wMjNHmA_Ila1z1GnoTANQy6WdKkGj2wFUOQdjpJ3X_bezvqBDnkqGgBSPp8zAbEXIDLun6WB88Uph14TapAOZaVVN24pq_VW_j8HXX2v7pv7lOF8c.CPNuaEdou-cxd-u1PqHogXpjeZP63-DNATc5lCFgwP4&dib_tag=se&keywords=macbook&qid=1722963005&sr=8-46,"4,6 de 5 estrelas",95,1,macbook,amazon,2024-08-06T13:50:53.352308,Browser
"Capa rígida de plástico MosISO e bolsa de manga e capa de teclado e capa de webcam e protetor de tela compatível com MacBook Air 13 polegadas tela retina, Rose Quartz","358,",/pl%C3%A1stico-teclado-protetor-compat%C3%ADvel-polegadas/dp/B07RPZ4ZT2/ref=sr_1_47?dib=eyJ2IjoiMSJ9.ed-ihsuiy_YvdiPgMc7BwXhNHTTPAm4M_gNqc4k23Gcxt1BTvSujs-b59s3c0E0vnY0O7SMGLRjWDQi0oQLIXPmOAulJvfPc-lV4ijZyxdDBQcOPv89gftEq7bv6p16QEKOrOkX80AeNoxVpdMs5obRHJfU4nQSg6I59qr8N_b2GSvrHgqwlEYtye_wMjNHmA_Ila1z1GnoTANQy6WdKkGj2wFUOQdjpJ3X_bezvqBDnkqGgBSPp8zAbEXIDLun6WB88Uph14TapAOZaVVN24pq_VW_j8HXX2v7pv7lOF8c.CPNuaEdou-cxd-u1PqHogXpjeZP63-DNATc5lCFgwP4&dib_tag=se&keywords=macbook&qid=1722963005&sr=8-47&ufe=app_do%3Aamzn1.fos.4bb5663b-6f7d-4772-84fa-7c7f565ec65b,"4,4 de 5 estrelas",8.307,1,macbook,amazon,2024-08-06T13:50:53.352308,Browser
N/A,"6.198,",https://aax-us-iad.amazon.com/x/c/JDbmDywYPwghsT5p4kEQx88AAAGRKJl9ZAEAAAH2AQBvbm9fdHhuX2JpZDIgICBvbm9fdHhuX2ltcDEgICDdOKqB/https://www.amazon.com.br/gp/aw/d/B0942NDQKL/?_encoding=UTF8&pd_rd_plhdr=t&aaxitk=b1b3e47ce41aea20fe687116120c7322&hsa_cr_id=1184661840001&qid=1722963033&sr=1-1-5aa29f2a-1490-4ae2-848e-815fb6406bcf&ref_=sbx_be_s_sparkle_lsi4d_asin_0_bkgd&pd_rd_w=ivUIA&content-id=amzn1.sym.b2368ce2-ff6a-4b8a-8a4c-a17d69d69375%3Aamzn1.sym.b2368ce2-ff6a-4b8a-8a4c-a17d69d69375&pf_rd_p=b2368ce2-ff6a-4b8a-8a4c-a17d69d69375&pf_rd_r=CB4SYKRJ0A3H921HQ51C&pd_rd_wg=cybaY&pd_rd_r=12671f95-7523-454d-b7ba-e4c982c96086,N/A,N/A,2,macbook,amazon,2024-08-06T13:50:53.352308,Browser
N/A,"8.588,",https://aax-us-iad.amazon.com/x/c/JDbmDywYPwghsT5p4kEQx88AAAGRKJl9ZAEAAAH2AQBvbm9fdHhuX2JpZDIgICBvbm9fdHhuX2ltcDEgICDdOKqB/https://www.amazon.com.br/gp/aw/d/B0B3CCPTK5/?_encoding=UTF8&pd_rd_plhdr=t&aaxitk=b1b3e47ce41aea20fe687116120c7322&hsa_cr_id=1184661840001&qid=1722963033&sr=1-2-5aa29f2a-1490-4ae2-848e-815fb6406bcf&ref_=sbx_be_s_sparkle_lsi4d_asin_1_bkgd&pd_rd_w=ivUIA&content-id=amzn1.sym.b2368ce2-ff6a-4b8a-8a4c-a17d69d69375%3Aamzn1.sym.b2368ce2-ff6a-4b8a-8a4c-a17d69d69375&pf_rd_p=b2368ce2-ff6a-4b8a-8a4c-a17d69d69375&pf_rd_r=CB4SYKRJ0A3H921HQ51C&pd_rd_wg=cybaY&pd_rd_r=12671f95-7523-454d-b7ba-e4c982c96086,N/A,N/A,2,macbook,amazon,2024-08-06T13:50:53.352308,Browser
N/A,"11.799,",https://aax-us-iad.amazon.com/x/c/JDbmDywYPwghsT5p4kEQx88AAAGRKJl9ZAEAAAH2AQBvbm9fdHhuX2JpZDIgICBvbm9fdHhuX2ltcDEgICDdOKqB/https://www.amazon.com.br/gp/aw/d/B0CX5GDLNL/?_encoding=UTF8&pd_rd_plhdr=t&aaxitk=b1b3e47ce41aea20fe687116120c7322&hsa_cr_id=1184661840001&qid=1722963033&sr=1-3-5aa29f2a-1490-4ae2-848e-815fb6406bcf&ref_=sbx_be_s_sparkle_lsi4d_asin_2_bkgd&pd_rd_w=ivUIA&content-id=amzn1.sym.b2368ce2-ff6a-4b8a-8a4c-a17d69d69375%3Aamzn1.sym.b2368ce2-ff6a-4b8a-8a4c-a17d69d69375&pf_rd_p=b2368ce2-ff6a-4b8a-8a4c-a17d69d69375&pf_rd_r=CB4SYKRJ0A3H921HQ51C&pd_rd_wg=cybaY&pd_rd_r=12671f95-7523-454d-b7ba-e4c982c96086,N/A,N/A,2,macbook,amazon,2024-08-06T13:50:53.352308,Browser
Consulte as páginas dos produtos para ver outras opções de compra.,N/A,,N/A,N/A,2,macbook,amazon,2024-08-06T13:50:53.352308,Browser
SuperDrive USB Apple,"863,",/Superdrive-Apple-para-Macbook-mini/dp/B008T4UQ6C/ref=sr_1_49?dib=eyJ2IjoiMSJ9.h8udajklUEc4lV9lHuVD0MoVJNqQYEGl92Z8uNArm7O9GoTIad-J-lCGUOTY3SuuKWS-EytDUyH1QGq010-WI8IyAcq9ClzbplPG08jKoT2h_kFKXRLIio1Kj0dB1Qmx04DmDyYcIdS7vo0v1NWrD7ai9r2LuVZMI50h697BWfkoGmNaFgFznNmxyJalohB0eixquLF2RmwUjfog4cOw4YdurWFYkAt7k7VoZr-epOylfAdORlXruVgNbXtHPSuClxeZIMgAB2ntOuw9u7RiMwAc8LibtXNZ_FKKf0_RzoE.oWLJ8MQkOvYsfECUYu6jqEaQ66NDp_FmSmgAFXKP1iA&dib_tag=se&keywords=macbook&qid=1722963033&sr=8-49&ufe=app_do%3Aamzn1.fos.25548f35-0de7-44b3-b28e-0f56f3f96147,"4,6 de 5 estrelas",32,2,macbook,amazon,2024-08-06T13:50:53.352308,Browser
HUB Ugreen USB-C 5 em 1 MacBook Pro/Air,"246,",/HUB-Ugreen-USB-C-MacBook-Pro/dp/B0817GZFXP/ref=sr_1_50?dib=eyJ2IjoiMSJ9.h8udajklUEc4lV9lHuVD0MoVJNqQYEGl92Z8uNArm7O9GoTIad-J-lCGUOTY3SuuKWS-EytDUyH1QGq010-WI8IyAcq9ClzbplPG08jKoT2h_kFKXRLIio1Kj0dB1Qmx04DmDyYcIdS7vo0v1NWrD7ai9r2LuVZMI50h697BWfkoGmNaFgFznNmxyJalohB0eixquLF2RmwUjfog4cOw4YdurWFYkAt7k7VoZr-epOylfAdORlXruVgNbXtHPSuClxeZIMgAB2ntOuw9u7RiMwAc8LibtXNZ_FKKf0_RzoE.oWLJ8MQkOvYsfECUYu6jqEaQ66NDp_FmSmgAFXKP1iA&dib_tag=se&keywords=macbook&qid=1722963033&sr=8-50&ufe=app_do%3Aamzn1.fos.a492fd4a-f54d-4e8d-8c31-35e0a04ce61e,"4,6 de 5 estrelas",433,2,macbook,amazon,2024-08-06T13:50:53.352308,Browser
Chromebook Samsung 11.6 Intel 4GB 64GB XE310XBA-KT4BR,"1.199,",/Chromebook-Samsung-11-6-Intel-XE310XBA-KT4BR/dp/B0BYT961KH/ref=sr_1_51?dib=eyJ2IjoiMSJ9.h8udajklUEc4lV9lHuVD0MoVJNqQYEGl92Z8uNArm7O9GoTIad-J-lCGUOTY3SuuKWS-EytDUyH1QGq010-WI8IyAcq9ClzbplPG08jKoT2h_kFKXRLIio1Kj0dB1Qmx04DmDyYcIdS7vo0v1NWrD7ai9r2LuVZMI50h697BWfkoGmNaFgFznNmxyJalohB0eixquLF2RmwUjfog4cOw4YdurWFYkAt7k7VoZr-epOylfAdORlXruVgNbXtHPSuClxeZIMgAB2ntOuw9u7RiMwAc8LibtXNZ_FKKf0_RzoE.oWLJ8MQkOvYsfECUYu6jqEaQ66NDp_FmSmgAFXKP1iA&dib_tag=se&keywords=macbook&qid=1722963033&sr=8-51&ufe=app_do%3Aamzn1.fos.a492fd4a-f54d-4e8d-8c31-35e0a04ce61e,"4,6 de 5 estrelas",81,2,macbook,amazon,2024-08-06T13:50:53.352308,Browser
"Dell - KM3322W, Teclado e Mouse sem fio, Preto","119,",/gp/bestsellers/computers/ref=sr_bs_3_computers_1,"4,7 de 5 estrelas",3.305,2,macbook,amazon,2024-08-06T13:50:53.352308,Browser
"Nulaxy Suporte ergonômico de alumínio para laptop, suporte de laptop destacável, compatível com laptops MacBook Air Pro, Dell XPS, HP, Lenovo More de 10 a 15,6 polegadas","229,",/Nulaxy-ergon%C3%B4mico-remov%C3%ADvel-compat%C3%ADvel-polegadas/dp/B07P54RSPY/ref=sr_1_53?dib=eyJ2IjoiMSJ9.h8udajklUEc4lV9lHuVD0MoVJNqQYEGl92Z8uNArm7O9GoTIad-J-lCGUOTY3SuuKWS-EytDUyH1QGq010-WI8IyAcq9ClzbplPG08jKoT2h_kFKXRLIio1Kj0dB1Qmx04DmDyYcIdS7vo0v1NWrD7ai9r2LuVZMI50h697BWfkoGmNaFgFznNmxyJalohB0eixquLF2RmwUjfog4cOw4YdurWFYkAt7k7VoZr-epOylfAdORlXruVgNbXtHPSuClxeZIMgAB2ntOuw9u7RiMwAc8LibtXNZ_FKKf0_RzoE.oWLJ8MQkOvYsfECUYu6jqEaQ66NDp_FmSmgAFXKP1iA&dib_tag=se&keywords=macbook&qid=1722963033&sr=8-53&ufe=app_do%3Aamzn1.fos.6a09f7ec-d911-4889-ad70-de8dd83c8a74,"4,8 de 5 estrelas",33.029,2,macbook,amazon,2024-08-06T13:50:53.352308,Browser
Magic Keyboard com teclado numérico - Prateado,"1.483,",/Magic-Keyboard-com-teclado-num%C3%A9rico/dp/B079MDBVF6/ref=sr_1_54?dib=eyJ2IjoiMSJ9.h8udajklUEc4lV9lHuVD0MoVJNqQYEGl92Z8uNArm7O9GoTIad-J-lCGUOTY3SuuKWS-EytDUyH1QGq010-WI8IyAcq9ClzbplPG08jKoT2h_kFKXRLIio1Kj0dB1Qmx04DmDyYcIdS7vo0v1NWrD7ai9r2LuVZMI50h697BWfkoGmNaFgFznNmxyJalohB0eixquLF2RmwUjfog4cOw4YdurWFYkAt7k7VoZr-epOylfAdORlXruVgNbXtHPSuClxeZIMgAB2ntOuw9u7RiMwAc8LibtXNZ_FKKf0_RzoE.oWLJ8MQkOvYsfECUYu6jqEaQ66NDp_FmSmgAFXKP1iA&dib_tag=se&keywords=macbook&qid=1722963033&sr=8-54&ufe=app_do%3Aamzn1.fos.a492fd4a-f54d-4e8d-8c31-35e0a04ce61e,"4,7 de 5 estrelas",47,2,macbook,amazon,2024-08-06T13:50:53.352308,Browser
"Mouse sem fio LED, mouse fino 2,4 G portátil óptico para escritório com USB e receptor tipo C, 3 níveis de DPI ajustáveis para notebook, PC, laptop, computador, MacBook (preto)","31,",/port%C3%A1til-escrit%C3%B3rio-receptor-ajust%C3%A1veis-computador/dp/B0CKKMHPRY/ref=sr_1_55?dib=eyJ2IjoiMSJ9.h8udajklUEc4lV9lHuVD0MoVJNqQYEGl92Z8uNArm7O9GoTIad-J-lCGUOTY3SuuKWS-EytDUyH1QGq010-WI8IyAcq9ClzbplPG08jKoT2h_kFKXRLIio1Kj0dB1Qmx04DmDyYcIdS7vo0v1NWrD7ai9r2LuVZMI50h697BWfkoGmNaFgFznNmxyJalohB0eixquLF2RmwUjfog4cOw4YdurWFYkAt7k7VoZr-epOylfAdORlXruVgNbXtHPSuClxeZIMgAB2ntOuw9u7RiMwAc8LibtXNZ_FKKf0_RzoE.oWLJ8MQkOvYsfECUYu6jqEaQ66NDp_FmSmgAFXKP1iA&dib_tag=se&keywords=macbook&qid=1722963033&sr=8-55,"4,5 de 5 estrelas",79,2,macbook,amazon,2024-08-06T13:50:53.352308,Browser
"Notebook Lenovo IdeaPad 1i Celeron + Microsoft 365 Personal 4GB 128GB SSD W11 15.6"" 82VX0001BR Prata","1.999,",/Notebook-Lenovo-Microsoft-Personal-82VX0001BR/dp/B0BSLSHJHY/ref=sr_1_56?dib=eyJ2IjoiMSJ9.h8udajklUEc4lV9lHuVD0MoVJNqQYEGl92Z8uNArm7O9GoTIad-J-lCGUOTY3SuuKWS-EytDUyH1QGq010-WI8IyAcq9ClzbplPG08jKoT2h_kFKXRLIio1Kj0dB1Qmx04DmDyYcIdS7vo0v1NWrD7ai9r2LuVZMI50h697BWfkoGmNaFgFznNmxyJalohB0eixquLF2RmwUjfog4cOw4YdurWFYkAt7k7VoZr-epOylfAdORlXruVgNbXtHPSuClxeZIMgAB2ntOuw9u7RiMwAc8LibtXNZ_FKKf0_RzoE.oWLJ8MQkOvYsfECUYu6jqEaQ66NDp_FmSmgAFXKP1iA&dib_tag=se&keywords=macbook&qid=1722963033&sr=8-56&ufe=app_do%3Aamzn1.fos.a492fd4a-f54d-4e8d-8c31-35e0a04ce61e,"4,6 de 5 estrelas",509,2,macbook,amazon,2024-08-06T13:50:53.352308,Browser
Suporte Notebook Macbook De Alumínio Ajustável Dobrável Ergônomico Portátil Home Office Mesa Tablet Articulado Universal Corrige Postura,"62,",/Notebook-Ajust%C3%A1vel-Erg%C3%B4nomico-Articulado-Universal/dp/B0CS5652FV/ref=sr_1_57?dib=eyJ2IjoiMSJ9.h8udajklUEc4lV9lHuVD0MoVJNqQYEGl92Z8uNArm7O9GoTIad-J-lCGUOTY3SuuKWS-EytDUyH1QGq010-WI8IyAcq9ClzbplPG08jKoT2h_kFKXRLIio1Kj0dB1Qmx04DmDyYcIdS7vo0v1NWrD7ai9r2LuVZMI50h697BWfkoGmNaFgFznNmxyJalohB0eixquLF2RmwUjfog4cOw4YdurWFYkAt7k7VoZr-epOylfAdORlXruVgNbXtHPSuClxeZIMgAB2ntOuw9u7RiMwAc8LibtXNZ_FKKf0_RzoE.oWLJ8MQkOvYsfECUYu6jqEaQ66NDp_FmSmgAFXKP1iA&dib_tag=se&keywords=macbook&qid=1722963033&sr=8-57,"5,0 de 5 estrelas",2,2,macbook,amazon,2024-08-06T13:50:53.352308,Browser
"Mouse LED Bluetooth sem fio, mouse Bluetooth para MacBook Pro, mouse Bluetooth para MacBook Air, mouse sem fio recarregável para MacBook, laptop, Mac, iPad, iPad Pro (branco)","28,",/Bluetooth-MacBook-recarreg%C3%A1vel-laptop-branco/dp/B08H8LWJWH/ref=sr_1_58?dib=eyJ2IjoiMSJ9.h8udajklUEc4lV9lHuVD0MoVJNqQYEGl92Z8uNArm7O9GoTIad-J-lCGUOTY3SuuKWS-EytDUyH1QGq010-WI8IyAcq9ClzbplPG08jKoT2h_kFKXRLIio1Kj0dB1Qmx04DmDyYcIdS7vo0v1NWrD7ai9r2LuVZMI50h697BWfkoGmNaFgFznNmxyJalohB0eixquLF2RmwUjfog4cOw4YdurWFYkAt7k7VoZr-epOylfAdORlXruVgNbXtHPSuClxeZIMgAB2ntOuw9u7RiMwAc8LibtXNZ_FKKf0_RzoE.oWLJ8MQkOvYsfECUYu6jqEaQ66NDp_FmSmgAFXKP1iA&dib_tag=se&keywords=macbook&qid=1722963033&sr=8-58,"4,1 de 5 estrelas",5.245,2,macbook,amazon,2024-08-06T13:50:53.352308,Browser
"Notebook Dell XPS 13 X13-U7155H-M20 13.4"" 3K OLED Touch Intel® Core™ Ultra 7 16GB 1TB SSD Win 11","13.349,",/Notebook-Dell-X13-U7155H-M20-Intel%C2%AE-CoreTM/dp/B0D8R8PSHR/ref=sr_1_59?dib=eyJ2IjoiMSJ9.h8udajklUEc4lV9lHuVD0MoVJNqQYEGl92Z8uNArm7O9GoTIad-J-lCGUOTY3SuuKWS-EytDUyH1QGq010-WI8IyAcq9ClzbplPG08jKoT2h_kFKXRLIio1Kj0dB1Qmx04DmDyYcIdS7vo0v1NWrD7ai9r2LuVZMI50h697BWfkoGmNaFgFznNmxyJalohB0eixquLF2RmwUjfog4cOw4YdurWFYkAt7k7VoZr-epOylfAdORlXruVgNbXtHPSuClxeZIMgAB2ntOuw9u7RiMwAc8LibtXNZ_FKKf0_RzoE.oWLJ8MQkOvYsfECUYu6jqEaQ66NDp_FmSmgAFXKP1iA&dib_tag=se&keywords=macbook&qid=1722963033&sr=8-59&ufe=app_do%3Aamzn1.fos.a492fd4a-f54d-4e8d-8c31-35e0a04ce61e,N/A,N/A,2,macbook,amazon,2024-08-06T13:50:53.352308,Browser
"16in Main 14in Sub Laptop de Tela Dupla, 512GB PCIe NVMe M.2 SSD 32GB DDR4 RAM, para CPU Core I7, WIFI6, Bateria de 13600mAh, Office Laptop para Windows 10 11 (Plugue dos EUA)",N/A,/Laptop-Bateria-13600mAh-Office-Windows/dp/B0BRZYPRSW/ref=sr_1_60?dib=eyJ2IjoiMSJ9.h8udajklUEc4lV9lHuVD0MoVJNqQYEGl92Z8uNArm7O9GoTIad-J-lCGUOTY3SuuKWS-EytDUyH1QGq010-WI8IyAcq9ClzbplPG08jKoT2h_kFKXRLIio1Kj0dB1Qmx04DmDyYcIdS7vo0v1NWrD7ai9r2LuVZMI50h697BWfkoGmNaFgFznNmxyJalohB0eixquLF2RmwUjfog4cOw4YdurWFYkAt7k7VoZr-epOylfAdORlXruVgNbXtHPSuClxeZIMgAB2ntOuw9u7RiMwAc8LibtXNZ_FKKf0_RzoE.oWLJ8MQkOvYsfECUYu6jqEaQ66NDp_FmSmgAFXKP1iA&dib_tag=se&keywords=macbook&qid=1722963033&sr=8-60,N/A,N/A,2,macbook,amazon,2024-08-06T13:50:53.352308,Browser
"Notebook ASUS Vivobook Pro 15 Intel Core i9 16GB 512GB SSD Windows 11 15,60"" Led IPS Level 144Hz Placa de Vídeo Nvidia RTX 3050 Azul - K6502HC-LP095W",N/A,/Notebook-Vivobook-K6502hc-lp095w-Windows-Rtx3050/dp/B0BZWSBJXT/ref=sr_1_61?dib=eyJ2IjoiMSJ9.h8udajklUEc4lV9lHuVD0MoVJNqQYEGl92Z8uNArm7O9GoTIad-J-lCGUOTY3SuuKWS-EytDUyH1QGq010-WI8IyAcq9ClzbplPG08jKoT2h_kFKXRLIio1Kj0dB1Qmx04DmDyYcIdS7vo0v1NWrD7ai9r2LuVZMI50h697BWfkoGmNaFgFznNmxyJalohB0eixquLF2RmwUjfog4cOw4YdurWFYkAt7k7VoZr-epOylfAdORlXruVgNbXtHPSuClxeZIMgAB2ntOuw9u7RiMwAc8LibtXNZ_FKKf0_RzoE.oWLJ8MQkOvYsfECUYu6jqEaQ66NDp_FmSmgAFXKP1iA&dib_tag=se&keywords=macbook&qid=1722963033&sr=8-61,"4,7 de 5 estrelas",43,2,macbook,amazon,2024-08-06T13:50:53.352308,Browser
"Samsung Galaxy Book2 Intel® Core i7-1255U, Windows 11 Home, 8GB, 256GB SSD + 1TB HD 15.6'' Full HD LED, 1.87kg Grafite","3.999,",/Galaxy-Intel%C2%AE-i7-1255U-Windows-Grafite/dp/B0CB6TS8LW/ref=sr_1_62?dib=eyJ2IjoiMSJ9.h8udajklUEc4lV9lHuVD0MoVJNqQYEGl92Z8uNArm7O9GoTIad-J-lCGUOTY3SuuKWS-EytDUyH1QGq010-WI8IyAcq9ClzbplPG08jKoT2h_kFKXRLIio1Kj0dB1Qmx04DmDyYcIdS7vo0v1NWrD7ai9r2LuVZMI50h697BWfkoGmNaFgFznNmxyJalohB0eixquLF2RmwUjfog4cOw4YdurWFYkAt7k7VoZr-epOylfAdORlXruVgNbXtHPSuClxeZIMgAB2ntOuw9u7RiMwAc8LibtXNZ_FKKf0_RzoE.oWLJ8MQkOvYsfECUYu6jqEaQ66NDp_FmSmgAFXKP1iA&dib_tag=se&keywords=macbook&qid=1722963033&sr=8-62&ufe=app_do%3Aamzn1.fos.25548f35-0de7-44b3-b28e-0f56f3f96147,"4,0 de 5 estrelas",11,2,macbook,amazon,2024-08-06T13:50:53.352308,Browser
Adaptador 3x1- Usb 3.1 Tipo-c Thunderbolt 3.0 X Hdmi Usb T-c,"29,",/Adaptador-3x1-Tipo-c-Thunderbolt-Hdmi/dp/B077NGXPSV/ref=sr_1_63?dib=eyJ2IjoiMSJ9.h8udajklUEc4lV9lHuVD0MoVJNqQYEGl92Z8uNArm7O9GoTIad-J-lCGUOTY3SuuKWS-EytDUyH1QGq010-WI8IyAcq9ClzbplPG08jKoT2h_kFKXRLIio1Kj0dB1Qmx04DmDyYcIdS7vo0v1NWrD7ai9r2LuVZMI50h697BWfkoGmNaFgFznNmxyJalohB0eixquLF2RmwUjfog4cOw4YdurWFYkAt7k7VoZr-epOylfAdORlXruVgNbXtHPSuClxeZIMgAB2ntOuw9u7RiMwAc8LibtXNZ_FKKf0_RzoE.oWLJ8MQkOvYsfECUYu6jqEaQ66NDp_FmSmgAFXKP1iA&dib_tag=se&keywords=macbook&qid=1722963033&sr=8-63,"4,2 de 5 estrelas",471,2,macbook,amazon,2024-08-06T13:50:53.352308,Browser
"Notebook Acer Aspire 3 A315-510P-35D2 Intel Core i3, 8GB RAM, 512GB SSD, 15.6” LED FULL HD, Windows 11",N/A,/Notebook-Aspire-A315-510P-35D2-Intel-Windows/dp/B0CP9VMV61/ref=sr_1_64?dib=eyJ2IjoiMSJ9.h8udajklUEc4lV9lHuVD0MoVJNqQYEGl92Z8uNArm7O9GoTIad-J-lCGUOTY3SuuKWS-EytDUyH1QGq010-WI8IyAcq9ClzbplPG08jKoT2h_kFKXRLIio1Kj0dB1Qmx04DmDyYcIdS7vo0v1NWrD7ai9r2LuVZMI50h697BWfkoGmNaFgFznNmxyJalohB0eixquLF2RmwUjfog4cOw4YdurWFYkAt7k7VoZr-epOylfAdORlXruVgNbXtHPSuClxeZIMgAB2ntOuw9u7RiMwAc8LibtXNZ_FKKf0_RzoE.oWLJ8MQkOvYsfECUYu6jqEaQ66NDp_FmSmgAFXKP1iA&dib_tag=se&keywords=macbook&qid=1722963033&sr=8-64,"4,7 de 5 estrelas",676,2,macbook,amazon,2024-08-06T13:50:53.352308,Browser
"avakot Suporte de laptop para mesa ajustável em 7 ângulos, ergonômico dobrável para laptop ABS + silicone antiderrapante, suporte para notebook com resfriamento ventilado para laptops de 10 a 15,6","65,",/ajust%C3%A1vel-ergon%C3%B4mico-computador-antiderrapante-compat%C3%ADvel/dp/B0BGS42MPR/ref=sr_1_65?dib=eyJ2IjoiMSJ9.h8udajklUEc4lV9lHuVD0MoVJNqQYEGl92Z8uNArm7O9GoTIad-J-lCGUOTY3SuuKWS-EytDUyH1QGq010-WI8IyAcq9ClzbplPG08jKoT2h_kFKXRLIio1Kj0dB1Qmx04DmDyYcIdS7vo0v1NWrD7ai9r2LuVZMI50h697BWfkoGmNaFgFznNmxyJalohB0eixquLF2RmwUjfog4cOw4YdurWFYkAt7k7VoZr-epOylfAdORlXruVgNbXtHPSuClxeZIMgAB2ntOuw9u7RiMwAc8LibtXNZ_FKKf0_RzoE.oWLJ8MQkOvYsfECUYu6jqEaQ66NDp_FmSmgAFXKP1iA&dib_tag=se&keywords=macbook&qid=1722963033&sr=8-65,"4,5 de 5 estrelas",1.313,2,macbook,amazon,2024-08-06T13:50:53.352308,Browser
"Capa para MacBook Pro 13 versão 2020 A2289 A2251, capa fina de encaixe com glitter anban com capa de teclado para Pro 13 com Touch Bar, Touch ID e tela de retina, Crystal Clear","177,",/MacBook-encaixe-glitter-anban-teclado/dp/B08C7RJ2QS/ref=sr_1_66?dib=eyJ2IjoiMSJ9.h8udajklUEc4lV9lHuVD0MoVJNqQYEGl92Z8uNArm7O9GoTIad-J-lCGUOTY3SuuKWS-EytDUyH1QGq010-WI8IyAcq9ClzbplPG08jKoT2h_kFKXRLIio1Kj0dB1Qmx04DmDyYcIdS7vo0v1NWrD7ai9r2LuVZMI50h697BWfkoGmNaFgFznNmxyJalohB0eixquLF2RmwUjfog4cOw4YdurWFYkAt7k7VoZr-epOylfAdORlXruVgNbXtHPSuClxeZIMgAB2ntOuw9u7RiMwAc8LibtXNZ_FKKf0_RzoE.oWLJ8MQkOvYsfECUYu6jqEaQ66NDp_FmSmgAFXKP1iA&dib_tag=se&keywords=macbook&qid=1722963033&sr=8-66&ufe=app_do%3Aamzn1.fos.6121c6c4-c969-43ae-92f7-cc248fc6181d,"4,3 de 5 estrelas",2.959,2,macbook,amazon,2024-08-06T13:50:53.352308,Browser
"Notebook Lenovo V14 i5-1235U 16GB 512GB SSD W11 Pro 14"" HD 82UL001JBR Preto","4.199,",/Notebook-Lenovo-i5-1235U-512GB-82UL001JBR/dp/B0CS3HF2VF/ref=sr_1_67?dib=eyJ2IjoiMSJ9.h8udajklUEc4lV9lHuVD0MoVJNqQYEGl92Z8uNArm7O9GoTIad-J-lCGUOTY3SuuKWS-EytDUyH1QGq010-WI8IyAcq9ClzbplPG08jKoT2h_kFKXRLIio1Kj0dB1Qmx04DmDyYcIdS7vo0v1NWrD7ai9r2LuVZMI50h697BWfkoGmNaFgFznNmxyJalohB0eixquLF2RmwUjfog4cOw4YdurWFYkAt7k7VoZr-epOylfAdORlXruVgNbXtHPSuClxeZIMgAB2ntOuw9u7RiMwAc8LibtXNZ_FKKf0_RzoE.oWLJ8MQkOvYsfECUYu6jqEaQ66NDp_FmSmgAFXKP1iA&dib_tag=se&keywords=macbook&qid=1722963033&sr=8-67&ufe=app_do%3Aamzn1.fos.25548f35-0de7-44b3-b28e-0f56f3f96147,N/A,N/A,2,macbook,amazon,2024-08-06T13:50:53.352308,Browser
"CISSOOK Compatível com capa para MacBook Air de 13 polegadas 2021 2020 2019 2018 2022 modelo: M1 A2337 A2179 A1932, capa rígida floral para MacBook Air 13 polegadas com tela Retina e Touch ID","249,",/CISSOOK-Compat%C3%ADvel-MacBook-polegadas-modelo/dp/B0BXNN5RPL/ref=sr_1_68?dib=eyJ2IjoiMSJ9.h8udajklUEc4lV9lHuVD0MoVJNqQYEGl92Z8uNArm7O9GoTIad-J-lCGUOTY3SuuKWS-EytDUyH1QGq010-WI8IyAcq9ClzbplPG08jKoT2h_kFKXRLIio1Kj0dB1Qmx04DmDyYcIdS7vo0v1NWrD7ai9r2LuVZMI50h697BWfkoGmNaFgFznNmxyJalohB0eixquLF2RmwUjfog4cOw4YdurWFYkAt7k7VoZr-epOylfAdORlXruVgNbXtHPSuClxeZIMgAB2ntOuw9u7RiMwAc8LibtXNZ_FKKf0_RzoE.oWLJ8MQkOvYsfECUYu6jqEaQ66NDp_FmSmgAFXKP1iA&dib_tag=se&keywords=macbook&qid=1722963033&sr=8-68&ufe=app_do%3Aamzn1.fos.6a09f7ec-d911-4889-ad70-de8dd83c8a74,"4,5 de 5 estrelas",1.579,2,macbook,amazon,2024-08-06T13:50:53.352308,Browser
"jonyj Thunderbolt 3 USB C Hub, tipo C adaptador Hub Mac Pro Dongle para 2016/2017 MacBook Pro 13 "" e 15 "", adaptador USB-C com 4 K HDMI, 3 Portas USB 3.0, USB-C, leitor de cartão SD/TF, PD carregador Port (Prata)","1.489,",/Thunderbolt-adaptador-Dongle-MacBook-carregador/dp/B000NP0MH8/ref=sr_1_69?dib=eyJ2IjoiMSJ9.h8udajklUEc4lV9lHuVD0MoVJNqQYEGl92Z8uNArm7O9GoTIad-J-lCGUOTY3SuuKWS-EytDUyH1QGq010-WI8IyAcq9ClzbplPG08jKoT2h_kFKXRLIio1Kj0dB1Qmx04DmDyYcIdS7vo0v1NWrD7ai9r2LuVZMI50h697BWfkoGmNaFgFznNmxyJalohB0eixquLF2RmwUjfog4cOw4YdurWFYkAt7k7VoZr-epOylfAdORlXruVgNbXtHPSuClxeZIMgAB2ntOuw9u7RiMwAc8LibtXNZ_FKKf0_RzoE.oWLJ8MQkOvYsfECUYu6jqEaQ66NDp_FmSmgAFXKP1iA&dib_tag=se&keywords=macbook&qid=1722963033&sr=8-69&ufe=app_do%3Aamzn1.fos.a492fd4a-f54d-4e8d-8c31-35e0a04ce61e,"5,0 de 5 estrelas",1,2,macbook,amazon,2024-08-06T13:50:53.352308,Browser
"Notebook ASUS M515DA-BR1213W, AMD Ryzen 5, 3500U, 8 GB, 256 GB, Windows 11 Home, Cinza","4.930,",/Notebook-ASUS-M515DA-BR1213W-RYZEN-Windows/dp/B09SGG9RTC/ref=sr_1_70?dib=eyJ2IjoiMSJ9.h8udajklUEc4lV9lHuVD0MoVJNqQYEGl92Z8uNArm7O9GoTIad-J-lCGUOTY3SuuKWS-EytDUyH1QGq010-WI8IyAcq9ClzbplPG08jKoT2h_kFKXRLIio1Kj0dB1Qmx04DmDyYcIdS7vo0v1NWrD7ai9r2LuVZMI50h697BWfkoGmNaFgFznNmxyJalohB0eixquLF2RmwUjfog4cOw4YdurWFYkAt7k7VoZr-epOylfAdORlXruVgNbXtHPSuClxeZIMgAB2ntOuw9u7RiMwAc8LibtXNZ_FKKf0_RzoE.oWLJ8MQkOvYsfECUYu6jqEaQ66NDp_FmSmgAFXKP1iA&dib_tag=se&keywords=macbook&qid=1722963033&sr=8-70&ufe=app_do%3Aamzn1.fos.25548f35-0de7-44b3-b28e-0f56f3f96147,"4,7 de 5 estrelas",539,2,macbook,amazon,2024-08-06T13:50:53.352308,Browser
"BESIGN LS10 Suporte de alumínio para laptop/computador, suporte ergonômico ajustável para notebook, suporte Riser, compatível com laptops Air, Pro, Dell, HP, Lenovo More de 10 a 14 polegadas, prata","447,",/ergon%C3%B4mico-ajust%C3%A1vel-computador-compat%C3%ADvel-notebooks/dp/B08CT8575Z/ref=sr_1_71?dib=eyJ2IjoiMSJ9.h8udajklUEc4lV9lHuVD0MoVJNqQYEGl92Z8uNArm7O9GoTIad-J-lCGUOTY3SuuKWS-EytDUyH1QGq010-WI8IyAcq9ClzbplPG08jKoT2h_kFKXRLIio1Kj0dB1Qmx04DmDyYcIdS7vo0v1NWrD7ai9r2LuVZMI50h697BWfkoGmNaFgFznNmxyJalohB0eixquLF2RmwUjfog4cOw4YdurWFYkAt7k7VoZr-epOylfAdORlXruVgNbXtHPSuClxeZIMgAB2ntOuw9u7RiMwAc8LibtXNZ_FKKf0_RzoE.oWLJ8MQkOvYsfECUYu6jqEaQ66NDp_FmSmgAFXKP1iA&dib_tag=se&keywords=macbook&qid=1722963033&sr=8-71&ufe=app_do%3Aamzn1.fos.e05b01e0-91a7-477e-a514-15a32325a6d6,"4,7 de 5 estrelas",7.517,2,macbook,amazon,2024-08-06T13:50:53.352308,Browser
Adesivo de atalhos Mac OS | Adesivos de teclado Mac para Mac OS | Adesivos de vinil laminado sem resíduos para MacBook para laptop | Adesivos de atalho para MacBook Air e Pro de 13 a 16 polegadas,"114,",/SYNERLOGIC-Catalina-transparente-res%C3%ADduos-compat%C3%ADvel/dp/B08YHCZNC6/ref=sr_1_72?dib=eyJ2IjoiMSJ9.h8udajklUEc4lV9lHuVD0MoVJNqQYEGl92Z8uNArm7O9GoTIad-J-lCGUOTY3SuuKWS-EytDUyH1QGq010-WI8IyAcq9ClzbplPG08jKoT2h_kFKXRLIio1Kj0dB1Qmx04DmDyYcIdS7vo0v1NWrD7ai9r2LuVZMI50h697BWfkoGmNaFgFznNmxyJalohB0eixquLF2RmwUjfog4cOw4YdurWFYkAt7k7VoZr-epOylfAdORlXruVgNbXtHPSuClxeZIMgAB2ntOuw9u7RiMwAc8LibtXNZ_FKKf0_RzoE.oWLJ8MQkOvYsfECUYu6jqEaQ66NDp_FmSmgAFXKP1iA&dib_tag=se&keywords=macbook&qid=1722963033&sr=8-72&ufe=app_do%3Aamzn1.fos.6d798eae-cadf-45de-946a-f477d47705b9,"4,6 de 5 estrelas",8.205,2,macbook,amazon,2024-08-06T13:50:53.352308,Browser
Macbook 3,N/A,/Macbook-3-Dunknown/dp/B0D8LJR9LL/ref=sr_1_73?dib=eyJ2IjoiMSJ9.h8udajklUEc4lV9lHuVD0MoVJNqQYEGl92Z8uNArm7O9GoTIad-J-lCGUOTY3SuuKWS-EytDUyH1QGq010-WI8IyAcq9ClzbplPG08jKoT2h_kFKXRLIio1Kj0dB1Qmx04DmDyYcIdS7vo0v1NWrD7ai9r2LuVZMI50h697BWfkoGmNaFgFznNmxyJalohB0eixquLF2RmwUjfog4cOw4YdurWFYkAt7k7VoZr-epOylfAdORlXruVgNbXtHPSuClxeZIMgAB2ntOuw9u7RiMwAc8LibtXNZ_FKKf0_RzoE.oWLJ8MQkOvYsfECUYu6jqEaQ66NDp_FmSmgAFXKP1iA&dib_tag=se&keywords=macbook&qid=1722963033&sr=8-73,N/A,N/A,2,macbook,amazon,2024-08-06T13:50:53.352308,Browser
DNZPFU MacBook Pro15 polegadas (2016-2019) filtro de tela protetor magnético removível e reutilizável protetor de tela anti arranhões fácil de instalar em segundos,N/A,/DNZPFU-polegadas-2016-2019-magn%C3%A9tico-reutiliz%C3%A1vel/dp/B0BDLKHW48/ref=sr_1_74?dib=eyJ2IjoiMSJ9.h8udajklUEc4lV9lHuVD0MoVJNqQYEGl92Z8uNArm7O9GoTIad-J-lCGUOTY3SuuKWS-EytDUyH1QGq010-WI8IyAcq9ClzbplPG08jKoT2h_kFKXRLIio1Kj0dB1Qmx04DmDyYcIdS7vo0v1NWrD7ai9r2LuVZMI50h697BWfkoGmNaFgFznNmxyJalohB0eixquLF2RmwUjfog4cOw4YdurWFYkAt7k7VoZr-epOylfAdORlXruVgNbXtHPSuClxeZIMgAB2ntOuw9u7RiMwAc8LibtXNZ_FKKf0_RzoE.oWLJ8MQkOvYsfECUYu6jqEaQ66NDp_FmSmgAFXKP1iA&dib_tag=se&keywords=macbook&qid=1722963033&sr=8-74,N/A,N/A,2,macbook,amazon,2024-08-06T13:50:53.352308,Browser
Macbook,N/A,/Macbook-Rashid-Khan/dp/B0D9LRKP16/ref=sr_1_75?dib=eyJ2IjoiMSJ9.h8udajklUEc4lV9lHuVD0MoVJNqQYEGl92Z8uNArm7O9GoTIad-J-lCGUOTY3SuuKWS-EytDUyH1QGq010-WI8IyAcq9ClzbplPG08jKoT2h_kFKXRLIio1Kj0dB1Qmx04DmDyYcIdS7vo0v1NWrD7ai9r2LuVZMI50h697BWfkoGmNaFgFznNmxyJalohB0eixquLF2RmwUjfog4cOw4YdurWFYkAt7k7VoZr-epOylfAdORlXruVgNbXtHPSuClxeZIMgAB2ntOuw9u7RiMwAc8LibtXNZ_FKKf0_RzoE.oWLJ8MQkOvYsfECUYu6jqEaQ66NDp_FmSmgAFXKP1iA&dib_tag=se&keywords=macbook&qid=1722963033&sr=8-75,N/A,N/A,2,macbook,amazon,2024-08-06T13:50:53.352308,Browser
"UGREEN Capa para laptop de 13,3 polegadas, couro de camurça PU, macia, acolchoada com zíper, capa compatível com MacBook Air Pro 2021, 2020 e 2019, resistente à água, pasta protetora, cinza","125,",/UGREEN-polegadas-poliuretano-acolchoado-compat%C3%ADvel/dp/B07SQTTPWD/ref=sr_1_76?dib=eyJ2IjoiMSJ9.h8udajklUEc4lV9lHuVD0MoVJNqQYEGl92Z8uNArm7O9GoTIad-J-lCGUOTY3SuuKWS-EytDUyH1QGq010-WI8IyAcq9ClzbplPG08jKoT2h_kFKXRLIio1Kj0dB1Qmx04DmDyYcIdS7vo0v1NWrD7ai9r2LuVZMI50h697BWfkoGmNaFgFznNmxyJalohB0eixquLF2RmwUjfog4cOw4YdurWFYkAt7k7VoZr-epOylfAdORlXruVgNbXtHPSuClxeZIMgAB2ntOuw9u7RiMwAc8LibtXNZ_FKKf0_RzoE.oWLJ8MQkOvYsfECUYu6jqEaQ66NDp_FmSmgAFXKP1iA&dib_tag=se&keywords=macbook&qid=1722963033&sr=8-76&ufe=app_do%3Aamzn1.fos.6d798eae-cadf-45de-946a-f477d47705b9,"4,8 de 5 estrelas",1.012,2,macbook,amazon,2024-08-06T13:50:53.352308,Browser
"MSI Laptop para jogos Stealth 15 39.6 cm FHD 144Hz: Intel Core i5-13420H, RTX 4060, 16GB DDR5, SSD NVMe 512GB, USB-Type C, Cooler Boost Trinity+, Win11 Home: Core Black A13VF-038US","12.824,",/MSI-Laptop-jogos-Stealth-144Hz/dp/B0BT3KH7F3/ref=sr_1_77?dib=eyJ2IjoiMSJ9.h8udajklUEc4lV9lHuVD0MoVJNqQYEGl92Z8uNArm7O9GoTIad-J-lCGUOTY3SuuKWS-EytDUyH1QGq010-WI8IyAcq9ClzbplPG08jKoT2h_kFKXRLIio1Kj0dB1Qmx04DmDyYcIdS7vo0v1NWrD7ai9r2LuVZMI50h697BWfkoGmNaFgFznNmxyJalohB0eixquLF2RmwUjfog4cOw4YdurWFYkAt7k7VoZr-epOylfAdORlXruVgNbXtHPSuClxeZIMgAB2ntOuw9u7RiMwAc8LibtXNZ_FKKf0_RzoE.oWLJ8MQkOvYsfECUYu6jqEaQ66NDp_FmSmgAFXKP1iA&dib_tag=se&keywords=macbook&qid=1722963033&sr=8-77&ufe=app_do%3Aamzn1.fos.a492fd4a-f54d-4e8d-8c31-35e0a04ce61e,"3,3 de 5 estrelas",9,2,macbook,amazon,2024-08-06T13:50:53.352308,Browser
Macbook,N/A,/Macbook/dp/B0D9LS97HB/ref=sr_1_78?dib=eyJ2IjoiMSJ9.h8udajklUEc4lV9lHuVD0MoVJNqQYEGl92Z8uNArm7O9GoTIad-J-lCGUOTY3SuuKWS-EytDUyH1QGq010-WI8IyAcq9ClzbplPG08jKoT2h_kFKXRLIio1Kj0dB1Qmx04DmDyYcIdS7vo0v1NWrD7ai9r2LuVZMI50h697BWfkoGmNaFgFznNmxyJalohB0eixquLF2RmwUjfog4cOw4YdurWFYkAt7k7VoZr-epOylfAdORlXruVgNbXtHPSuClxeZIMgAB2ntOuw9u7RiMwAc8LibtXNZ_FKKf0_RzoE.oWLJ8MQkOvYsfECUYu6jqEaQ66NDp_FmSmgAFXKP1iA&dib_tag=se&keywords=macbook&qid=1722963033&sr=8-78,N/A,N/A,2,macbook,amazon,2024-08-06T13:50:53.352308,Browser
"HYZUO 13 Polegadas Capa para Notebook para MacBook Air 13.6/13 M3 M2 M1 2018-2024, MacBook Pro 13 M2 M1 2024-2016, iPad Pro 13 M4, iPad Air 13 M2, Laptop Case Pasta Notebook com Bolsa, Marrom","159,",/HYZUO-Polegadas-Compat%C3%ADvel-2018-2024-2024-2016/dp/B07FXJF571/ref=sr_1_79?dib=eyJ2IjoiMSJ9.h8udajklUEc4lV9lHuVD0MoVJNqQYEGl92Z8uNArm7O9GoTIad-J-lCGUOTY3SuuKWS-EytDUyH1QGq010-WI8IyAcq9ClzbplPG08jKoT2h_kFKXRLIio1Kj0dB1Qmx04DmDyYcIdS7vo0v1NWrD7ai9r2LuVZMI50h697BWfkoGmNaFgFznNmxyJalohB0eixquLF2RmwUjfog4cOw4YdurWFYkAt7k7VoZr-epOylfAdORlXruVgNbXtHPSuClxeZIMgAB2ntOuw9u7RiMwAc8LibtXNZ_FKKf0_RzoE.oWLJ8MQkOvYsfECUYu6jqEaQ66NDp_FmSmgAFXKP1iA&dib_tag=se&keywords=macbook&qid=1722963033&sr=8-79&ufe=app_do%3Aamzn1.fos.a492fd4a-f54d-4e8d-8c31-35e0a04ce61e,"4,5 de 5 estrelas",9.642,2,macbook,amazon,2024-08-06T13:50:53.352308,Browser
"CISSOOK Capa laranja para MacBook Air de 13 polegadas com tela Retina e Touch ID modelo A2337 M1 A2179 A1932 versão 2020 2018-2021, capa rígida protetora com 2 capas de teclado para Air 2020 de 13 polegadas","210,",/CISSOOK-A2337-M1-A2179-A1932/dp/B0C1GCZGMF/ref=sr_1_80?dib=eyJ2IjoiMSJ9.h8udajklUEc4lV9lHuVD0MoVJNqQYEGl92Z8uNArm7O9GoTIad-J-lCGUOTY3SuuKWS-EytDUyH1QGq010-WI8IyAcq9ClzbplPG08jKoT2h_kFKXRLIio1Kj0dB1Qmx04DmDyYcIdS7vo0v1NWrD7ai9r2LuVZMI50h697BWfkoGmNaFgFznNmxyJalohB0eixquLF2RmwUjfog4cOw4YdurWFYkAt7k7VoZr-epOylfAdORlXruVgNbXtHPSuClxeZIMgAB2ntOuw9u7RiMwAc8LibtXNZ_FKKf0_RzoE.oWLJ8MQkOvYsfECUYu6jqEaQ66NDp_FmSmgAFXKP1iA&dib_tag=se&keywords=macbook&qid=1722963033&sr=8-80&ufe=app_do%3Aamzn1.fos.6a09f7ec-d911-4889-ad70-de8dd83c8a74,"4,3 de 5 estrelas",998,2,macbook,amazon,2024-08-06T13:50:53.352308,Browser
"B BELK Compatível com MacBook Air 13 polegadas 2022 2021 2020 2019 2018 M1 A2337 A2179 A1932, capa rígida de plástico + capa de teclado + protetor de tela para Mac Air 13 com Touch ID, transparente",N/A,/MacBook-pl%C3%A1stico-transparente-ultrafina-protetor/dp/B07K1ZS52W/ref=sr_1_81?dib=eyJ2IjoiMSJ9.h8udajklUEc4lV9lHuVD0MoVJNqQYEGl92Z8uNArm7O9GoTIad-J-lCGUOTY3SuuKWS-EytDUyH1QGq010-WI8IyAcq9ClzbplPG08jKoT2h_kFKXRLIio1Kj0dB1Qmx04DmDyYcIdS7vo0v1NWrD7ai9r2LuVZMI50h697BWfkoGmNaFgFznNmxyJalohB0eixquLF2RmwUjfog4cOw4YdurWFYkAt7k7VoZr-epOylfAdORlXruVgNbXtHPSuClxeZIMgAB2ntOuw9u7RiMwAc8LibtXNZ_FKKf0_RzoE.oWLJ8MQkOvYsfECUYu6jqEaQ66NDp_FmSmgAFXKP1iA&dib_tag=se&keywords=macbook&qid=1722963033&sr=8-81,"4,3 de 5 estrelas",7.166,2,macbook,amazon,2024-08-06T13:50:53.352308,Browser
"MOSISO Capa Macbook Pro De 13 2016-2020 Ano Versão A2159 A1989 A1706 A1708, Capa Plástico E Capa De Teclado E Protetor Tela E Bolsa De Armazenamento Compatível Com Macbook Pro 13, Claro Como Cristal","216,",/2016-2020-Pl%C3%A1stico-Protetor-Armazenamento-Compat%C3%ADvel/dp/B0741391RK/ref=sr_1_82?dib=eyJ2IjoiMSJ9.h8udajklUEc4lV9lHuVD0MoVJNqQYEGl92Z8uNArm7O9GoTIad-J-lCGUOTY3SuuKWS-EytDUyH1QGq010-WI8IyAcq9ClzbplPG08jKoT2h_kFKXRLIio1Kj0dB1Qmx04DmDyYcIdS7vo0v1NWrD7ai9r2LuVZMI50h697BWfkoGmNaFgFznNmxyJalohB0eixquLF2RmwUjfog4cOw4YdurWFYkAt7k7VoZr-epOylfAdORlXruVgNbXtHPSuClxeZIMgAB2ntOuw9u7RiMwAc8LibtXNZ_FKKf0_RzoE.oWLJ8MQkOvYsfECUYu6jqEaQ66NDp_FmSmgAFXKP1iA&dib_tag=se&keywords=macbook&qid=1722963033&sr=8-82&ufe=app_do%3Aamzn1.fos.6a09f7ec-d911-4889-ad70-de8dd83c8a74,"4,2 de 5 estrelas",29.263,2,macbook,amazon,2024-08-06T13:50:53.352308,Browser
"HP Laptops Tela de 15,6 polegadas - Laptop escolar 2024 Windows 11 - Processador Intel N200 Beat i7-10510Y - Wi-Fi 6 - USB C - Bateria de longa duração - Cabo HDMI (16 GB RAM | SSD UFS de 128 GB)",N/A,/HP-Laptops-Tela-15-polegadas/dp/B0D97JYS82/ref=sr_1_83?dib=eyJ2IjoiMSJ9.h8udajklUEc4lV9lHuVD0MoVJNqQYEGl92Z8uNArm7O9GoTIad-J-lCGUOTY3SuuKWS-EytDUyH1QGq010-WI8IyAcq9ClzbplPG08jKoT2h_kFKXRLIio1Kj0dB1Qmx04DmDyYcIdS7vo0v1NWrD7ai9r2LuVZMI50h697BWfkoGmNaFgFznNmxyJalohB0eixquLF2RmwUjfog4cOw4YdurWFYkAt7k7VoZr-epOylfAdORlXruVgNbXtHPSuClxeZIMgAB2ntOuw9u7RiMwAc8LibtXNZ_FKKf0_RzoE.oWLJ8MQkOvYsfECUYu6jqEaQ66NDp_FmSmgAFXKP1iA&dib_tag=se&keywords=macbook&qid=1722963033&sr=8-83,N/A,N/A,2,macbook,amazon,2024-08-06T13:50:53.352308,Browser
Adaptador USB-C para USB,"189,",/Adaptador-Apple-Usb-c-compat%C3%ADvel-Macbook/dp/B00VU2OID2/ref=sr_1_84?dib=eyJ2IjoiMSJ9.h8udajklUEc4lV9lHuVD0MoVJNqQYEGl92Z8uNArm7O9GoTIad-J-lCGUOTY3SuuKWS-EytDUyH1QGq010-WI8IyAcq9ClzbplPG08jKoT2h_kFKXRLIio1Kj0dB1Qmx04DmDyYcIdS7vo0v1NWrD7ai9r2LuVZMI50h697BWfkoGmNaFgFznNmxyJalohB0eixquLF2RmwUjfog4cOw4YdurWFYkAt7k7VoZr-epOylfAdORlXruVgNbXtHPSuClxeZIMgAB2ntOuw9u7RiMwAc8LibtXNZ_FKKf0_RzoE.oWLJ8MQkOvYsfECUYu6jqEaQ66NDp_FmSmgAFXKP1iA&dib_tag=se&keywords=macbook&qid=1722963033&sr=8-84&ufe=app_do%3Aamzn1.fos.6121c6c4-c969-43ae-92f7-cc248fc6181d,"4,7 de 5 estrelas",27.182,2,macbook,amazon,2024-08-06T13:50:53.352308,Browser
Notebook ASUS VivoBook X512FJ-EJ571T Cinza Escuro,"9.977,",/Notebook-ASUS-VivoBook-X512FJ-EJ571T-Escuro/dp/B08WJKRHKP/ref=sr_1_85?dib=eyJ2IjoiMSJ9.h8udajklUEc4lV9lHuVD0MoVJNqQYEGl92Z8uNArm7O9GoTIad-J-lCGUOTY3SuuKWS-EytDUyH1QGq010-WI8IyAcq9ClzbplPG08jKoT2h_kFKXRLIio1Kj0dB1Qmx04DmDyYcIdS7vo0v1NWrD7ai9r2LuVZMI50h697BWfkoGmNaFgFznNmxyJalohB0eixquLF2RmwUjfog4cOw4YdurWFYkAt7k7VoZr-epOylfAdORlXruVgNbXtHPSuClxeZIMgAB2ntOuw9u7RiMwAc8LibtXNZ_FKKf0_RzoE.oWLJ8MQkOvYsfECUYu6jqEaQ66NDp_FmSmgAFXKP1iA&dib_tag=se&keywords=macbook&qid=1722963033&sr=8-85&ufe=app_do%3Aamzn1.fos.25548f35-0de7-44b3-b28e-0f56f3f96147,N/A,N/A,2,macbook,amazon,2024-08-06T13:50:53.352308,Browser
"MSI Notebook moderno de 15 15,6 polegadas: Intel Core i5-1155G7, Intel Iris Xe, 16GB DDR4, 1TB NVMe SSD, Lay-Flat, USB Tipo-C, Leitor de cartão MicroSD, Win 11 Pro: Classic Black B11M-023US",N/A,/MSI-Notebook-moderno-polegadas-B11M-023US/dp/B0BT3598QH/ref=sr_1_86?dib=eyJ2IjoiMSJ9.h8udajklUEc4lV9lHuVD0MoVJNqQYEGl92Z8uNArm7O9GoTIad-J-lCGUOTY3SuuKWS-EytDUyH1QGq010-WI8IyAcq9ClzbplPG08jKoT2h_kFKXRLIio1Kj0dB1Qmx04DmDyYcIdS7vo0v1NWrD7ai9r2LuVZMI50h697BWfkoGmNaFgFznNmxyJalohB0eixquLF2RmwUjfog4cOw4YdurWFYkAt7k7VoZr-epOylfAdORlXruVgNbXtHPSuClxeZIMgAB2ntOuw9u7RiMwAc8LibtXNZ_FKKf0_RzoE.oWLJ8MQkOvYsfECUYu6jqEaQ66NDp_FmSmgAFXKP1iA&dib_tag=se&keywords=macbook&qid=1722963033&sr=8-86,N/A,N/A,2,macbook,amazon,2024-08-06T13:50:53.352308,Browser
Macbook 2,N/A,/Macbook-2-Dunknown/dp/B0D8M8CPH1/ref=sr_1_87?dib=eyJ2IjoiMSJ9.h8udajklUEc4lV9lHuVD0MoVJNqQYEGl92Z8uNArm7O9GoTIad-J-lCGUOTY3SuuKWS-EytDUyH1QGq010-WI8IyAcq9ClzbplPG08jKoT2h_kFKXRLIio1Kj0dB1Qmx04DmDyYcIdS7vo0v1NWrD7ai9r2LuVZMI50h697BWfkoGmNaFgFznNmxyJalohB0eixquLF2RmwUjfog4cOw4YdurWFYkAt7k7VoZr-epOylfAdORlXruVgNbXtHPSuClxeZIMgAB2ntOuw9u7RiMwAc8LibtXNZ_FKKf0_RzoE.oWLJ8MQkOvYsfECUYu6jqEaQ66NDp_FmSmgAFXKP1iA&dib_tag=se&keywords=macbook&qid=1722963033&sr=8-87,N/A,N/A,2,macbook,amazon,2024-08-06T13:50:53.352308,Browser
Suporte Laptop Stand Dj Notebook Macbook Aluminio Dobrável Ajustável Kingo M5,"255,",/Suporte-Notebook-Aluminio-Dobr%C3%A1vel-Ajust%C3%A1vel/dp/B085QF1CDF/ref=sr_1_88?dib=eyJ2IjoiMSJ9.h8udajklUEc4lV9lHuVD0MoVJNqQYEGl92Z8uNArm7O9GoTIad-J-lCGUOTY3SuuKWS-EytDUyH1QGq010-WI8IyAcq9ClzbplPG08jKoT2h_kFKXRLIio1Kj0dB1Qmx04DmDyYcIdS7vo0v1NWrD7ai9r2LuVZMI50h697BWfkoGmNaFgFznNmxyJalohB0eixquLF2RmwUjfog4cOw4YdurWFYkAt7k7VoZr-epOylfAdORlXruVgNbXtHPSuClxeZIMgAB2ntOuw9u7RiMwAc8LibtXNZ_FKKf0_RzoE.oWLJ8MQkOvYsfECUYu6jqEaQ66NDp_FmSmgAFXKP1iA&dib_tag=se&keywords=macbook&qid=1722963033&sr=8-88&ufe=app_do%3Aamzn1.fos.db68964d-7c0e-4bb2-a95c-e5cb9e32eb12,"4,8 de 5 estrelas",418,2,macbook,amazon,2024-08-06T13:50:53.352308,Browser
"MSI Notebook moderno de 15 15,6 polegadas: Intel Core i7-1195G7, Intel Iris Xe, 16GB DDR4, 1TB NVMe SSD, Lay-Flat, USB Tipo-C, Leitor de cartão MicroSD, Win 11 Pro: Classic Black B11M-022US",N/A,/MSI-Notebook-moderno-polegadas-B11M-022US/dp/B0BT33LV28/ref=sr_1_89?dib=eyJ2IjoiMSJ9.h8udajklUEc4lV9lHuVD0MoVJNqQYEGl92Z8uNArm7O9GoTIad-J-lCGUOTY3SuuKWS-EytDUyH1QGq010-WI8IyAcq9ClzbplPG08jKoT2h_kFKXRLIio1Kj0dB1Qmx04DmDyYcIdS7vo0v1NWrD7ai9r2LuVZMI50h697BWfkoGmNaFgFznNmxyJalohB0eixquLF2RmwUjfog4cOw4YdurWFYkAt7k7VoZr-epOylfAdORlXruVgNbXtHPSuClxeZIMgAB2ntOuw9u7RiMwAc8LibtXNZ_FKKf0_RzoE.oWLJ8MQkOvYsfECUYu6jqEaQ66NDp_FmSmgAFXKP1iA&dib_tag=se&keywords=macbook&qid=1722963033&sr=8-89,"5,0 de 5 estrelas",1,2,macbook,amazon,2024-08-06T13:50:53.352308,Browser
"Acer Notebook Gamer Nitro 5 AN515-57-59AT Core I5 11º Geração 8GB RAM 512GB SSD (GTX 1650) 15,6 Full HD IPS 144Hz Retroiluminado na cor vermelha Windows 11 Home",N/A,/Notebook-AN515-57-59AT-Gera%C3%A7%C3%A3o-Retroiluminado-vermelha/dp/B0BTRTB44J/ref=sr_1_90?dib=eyJ2IjoiMSJ9.h8udajklUEc4lV9lHuVD0MoVJNqQYEGl92Z8uNArm7O9GoTIad-J-lCGUOTY3SuuKWS-EytDUyH1QGq010-WI8IyAcq9ClzbplPG08jKoT2h_kFKXRLIio1Kj0dB1Qmx04DmDyYcIdS7vo0v1NWrD7ai9r2LuVZMI50h697BWfkoGmNaFgFznNmxyJalohB0eixquLF2RmwUjfog4cOw4YdurWFYkAt7k7VoZr-epOylfAdORlXruVgNbXtHPSuClxeZIMgAB2ntOuw9u7RiMwAc8LibtXNZ_FKKf0_RzoE.oWLJ8MQkOvYsfECUYu6jqEaQ66NDp_FmSmgAFXKP1iA&dib_tag=se&keywords=macbook&qid=1722963033&sr=8-90,"4,3 de 5 estrelas",216,2,macbook,amazon,2024-08-06T13:50:53.352308,Browser
"MSI Notebook moderno de 14 14 polegadas: Intel Core i7-1195G7, Intel Iris Xe, 8GB DDR4, 512GB NVMe SSD, Lay-Flat de 180 graus, USB Tipo-C, Leitor de cartão MicroSD, Win 11 Pro: Classic",N/A,/MSI-Notebook-moderno-polegadas-C11M-064US/dp/B0BSN8MTX9/ref=sr_1_91?dib=eyJ2IjoiMSJ9.h8udajklUEc4lV9lHuVD0MoVJNqQYEGl92Z8uNArm7O9GoTIad-J-lCGUOTY3SuuKWS-EytDUyH1QGq010-WI8IyAcq9ClzbplPG08jKoT2h_kFKXRLIio1Kj0dB1Qmx04DmDyYcIdS7vo0v1NWrD7ai9r2LuVZMI50h697BWfkoGmNaFgFznNmxyJalohB0eixquLF2RmwUjfog4cOw4YdurWFYkAt7k7VoZr-epOylfAdORlXruVgNbXtHPSuClxeZIMgAB2ntOuw9u7RiMwAc8LibtXNZ_FKKf0_RzoE.oWLJ8MQkOvYsfECUYu6jqEaQ66NDp_FmSmgAFXKP1iA&dib_tag=se&keywords=macbook&qid=1722963033&sr=8-91,"4,0 de 5 estrelas",1,2,macbook,amazon,2024-08-06T13:50:53.352308,Browser
HP -15 Laptop-2023 School-Laptop Windows 11 - Processador Intel N200 Beat i7-10510Y - Microsoft 365 - Wi-Fi 6 - USB C - Bateria de longa duração - Bisel estreito - Cabo HDMI (16 GB RAM | SSD UFS de,N/A,/HP-15-Laptop-2023-School-Laptop-Windows/dp/B0CNYV56BX/ref=sr_1_92?dib=eyJ2IjoiMSJ9.h8udajklUEc4lV9lHuVD0MoVJNqQYEGl92Z8uNArm7O9GoTIad-J-lCGUOTY3SuuKWS-EytDUyH1QGq010-WI8IyAcq9ClzbplPG08jKoT2h_kFKXRLIio1Kj0dB1Qmx04DmDyYcIdS7vo0v1NWrD7ai9r2LuVZMI50h697BWfkoGmNaFgFznNmxyJalohB0eixquLF2RmwUjfog4cOw4YdurWFYkAt7k7VoZr-epOylfAdORlXruVgNbXtHPSuClxeZIMgAB2ntOuw9u7RiMwAc8LibtXNZ_FKKf0_RzoE.oWLJ8MQkOvYsfECUYu6jqEaQ66NDp_FmSmgAFXKP1iA&dib_tag=se&keywords=macbook&qid=1722963033&sr=8-92,"3,9 de 5 estrelas",232,2,macbook,amazon,2024-08-06T13:50:53.352308,Browser
"KSK KAISHEK Capa compatível com MacBook Air de 13 polegadas, versão 2018 2019 2021, tela retina, modelo A2337, M1, A2179, A1932, capa protetora rígida de plástico e capa de teclado preta, flor abstrata","214,",/KSK-KAISHEK-compat%C3%ADvel-polegadas-protetora/dp/B09V28BJJX/ref=sr_1_93?dib=eyJ2IjoiMSJ9.h8udajklUEc4lV9lHuVD0MoVJNqQYEGl92Z8uNArm7O9GoTIad-J-lCGUOTY3SuuKWS-EytDUyH1QGq010-WI8IyAcq9ClzbplPG08jKoT2h_kFKXRLIio1Kj0dB1Qmx04DmDyYcIdS7vo0v1NWrD7ai9r2LuVZMI50h697BWfkoGmNaFgFznNmxyJalohB0eixquLF2RmwUjfog4cOw4YdurWFYkAt7k7VoZr-epOylfAdORlXruVgNbXtHPSuClxeZIMgAB2ntOuw9u7RiMwAc8LibtXNZ_FKKf0_RzoE.oWLJ8MQkOvYsfECUYu6jqEaQ66NDp_FmSmgAFXKP1iA&dib_tag=se&keywords=macbook&qid=1722963033&sr=8-93&ufe=app_do%3Aamzn1.fos.6a09f7ec-d911-4889-ad70-de8dd83c8a74,"3,9 de 5 estrelas",35,2,macbook,amazon,2024-08-06T13:50:53.352308,Browser
"elago Capa rígida ultrafina compatível com MacBook Air de 13 polegadas [A2179 / A2337] [Versão 2020] [Transparente] - Proteção total sem volume, acesso a todos os recursos","208,",/r%C3%ADgida-Elago-MacBook-polegadas-Vers%C3%A3o/dp/B08BFBBYKT/ref=sr_1_94?dib=eyJ2IjoiMSJ9.h8udajklUEc4lV9lHuVD0MoVJNqQYEGl92Z8uNArm7O9GoTIad-J-lCGUOTY3SuuKWS-EytDUyH1QGq010-WI8IyAcq9ClzbplPG08jKoT2h_kFKXRLIio1Kj0dB1Qmx04DmDyYcIdS7vo0v1NWrD7ai9r2LuVZMI50h697BWfkoGmNaFgFznNmxyJalohB0eixquLF2RmwUjfog4cOw4YdurWFYkAt7k7VoZr-epOylfAdORlXruVgNbXtHPSuClxeZIMgAB2ntOuw9u7RiMwAc8LibtXNZ_FKKf0_RzoE.oWLJ8MQkOvYsfECUYu6jqEaQ66NDp_FmSmgAFXKP1iA&dib_tag=se&keywords=macbook&qid=1722963033&sr=8-94&ufe=app_do%3Aamzn1.fos.6a09f7ec-d911-4889-ad70-de8dd83c8a74,"4,4 de 5 estrelas",144,2,macbook,amazon,2024-08-06T13:50:53.352308,Browser
"CHUWI CoreBook X Laptop 14 polegadas, Intel Core i3-10110U, 8 GB RAM 512 GB SSD, laptop Windows 10, tela FHD 2160 x 1440, até 4,1 GHz | WiFi 6 | Teclado retroiluminado | Webcam | BT5.1 | Tipo-C",N/A,/CHUWI-Computador-processador-CoreBook-retroiluminado/dp/B09KTR4PDS/ref=sr_1_95?dib=eyJ2IjoiMSJ9.h8udajklUEc4lV9lHuVD0MoVJNqQYEGl92Z8uNArm7O9GoTIad-J-lCGUOTY3SuuKWS-EytDUyH1QGq010-WI8IyAcq9ClzbplPG08jKoT2h_kFKXRLIio1Kj0dB1Qmx04DmDyYcIdS7vo0v1NWrD7ai9r2LuVZMI50h697BWfkoGmNaFgFznNmxyJalohB0eixquLF2RmwUjfog4cOw4YdurWFYkAt7k7VoZr-epOylfAdORlXruVgNbXtHPSuClxeZIMgAB2ntOuw9u7RiMwAc8LibtXNZ_FKKf0_RzoE.oWLJ8MQkOvYsfECUYu6jqEaQ66NDp_FmSmgAFXKP1iA&dib_tag=se&keywords=macbook&qid=1722963033&sr=8-95,"3,9 de 5 estrelas",215,2,macbook,amazon,2024-08-06T13:50:53.352308,Browser
"MOSISO Capa compatível com MacBook Air de 13 polegadas 2022 2021 2020 2019 2018 versão A2337 M1 A2179 A1932 tela retina, capa rígida de plástico de grão de leopardo e capa de teclado e protetor de tela, transparente","247,",/compat%C3%ADvel-polegadas-pl%C3%A1stico-leopardo-transparente/dp/B0B62F7HPQ/ref=sr_1_96?dib=eyJ2IjoiMSJ9.h8udajklUEc4lV9lHuVD0MoVJNqQYEGl92Z8uNArm7O9GoTIad-J-lCGUOTY3SuuKWS-EytDUyH1QGq010-WI8IyAcq9ClzbplPG08jKoT2h_kFKXRLIio1Kj0dB1Qmx04DmDyYcIdS7vo0v1NWrD7ai9r2LuVZMI50h697BWfkoGmNaFgFznNmxyJalohB0eixquLF2RmwUjfog4cOw4YdurWFYkAt7k7VoZr-epOylfAdORlXruVgNbXtHPSuClxeZIMgAB2ntOuw9u7RiMwAc8LibtXNZ_FKKf0_RzoE.oWLJ8MQkOvYsfECUYu6jqEaQ66NDp_FmSmgAFXKP1iA&dib_tag=se&keywords=macbook&qid=1722963033&sr=8-96&ufe=app_do%3Aamzn1.fos.6a09f7ec-d911-4889-ad70-de8dd83c8a74,"4,7 de 5 estrelas",176,2,macbook,amazon,2024-08-06T13:50:53.352308,Browser
N/A,"6.198,",https://aax-us-iad.amazon.com/x/c/JHXtQOZYVBR-Fc4v0uNLVbsAAAGRKJm3ZgEAAAH2AQBvbm9fdHhuX2JpZDcgICBvbm9fdHhuX2ltcDEgICDcLViq/https://www.amazon.com.br/gp/aw/d/B0942NDQKL/?_encoding=UTF8&pd_rd_plhdr=t&aaxitk=b1b3e47ce41aea20fe687116120c7322&hsa_cr_id=1184661840001&qid=1722963048&sr=1-1-5aa29f2a-1490-4ae2-848e-815fb6406bcf&ref_=sbx_be_s_sparkle_lsi4d_asin_0_bkgd&pd_rd_w=RWALb&content-id=amzn1.sym.b2368ce2-ff6a-4b8a-8a4c-a17d69d69375%3Aamzn1.sym.b2368ce2-ff6a-4b8a-8a4c-a17d69d69375&pf_rd_p=b2368ce2-ff6a-4b8a-8a4c-a17d69d69375&pf_rd_r=XDA6792ZWPFBCHW6MSPC&pd_rd_wg=s3N8p&pd_rd_r=bae62ee7-5ff8-4059-980a-7100e96c4ede,N/A,N/A,3,macbook,amazon,2024-08-06T13:50:53.352308,Browser
N/A,"8.588,",https://aax-us-iad.amazon.com/x/c/JHXtQOZYVBR-Fc4v0uNLVbsAAAGRKJm3ZgEAAAH2AQBvbm9fdHhuX2JpZDcgICBvbm9fdHhuX2ltcDEgICDcLViq/https://www.amazon.com.br/gp/aw/d/B0B3CCPTK5/?_encoding=UTF8&pd_rd_plhdr=t&aaxitk=b1b3e47ce41aea20fe687116120c7322&hsa_cr_id=1184661840001&qid=1722963048&sr=1-2-5aa29f2a-1490-4ae2-848e-815fb6406bcf&ref_=sbx_be_s_sparkle_lsi4d_asin_1_bkgd&pd_rd_w=RWALb&content-id=amzn1.sym.b2368ce2-ff6a-4b8a-8a4c-a17d69d69375%3Aamzn1.sym.b2368ce2-ff6a-4b8a-8a4c-a17d69d69375&pf_rd_p=b2368ce2-ff6a-4b8a-8a4c-a17d69d69375&pf_rd_r=XDA6792ZWPFBCHW6MSPC&pd_rd_wg=s3N8p&pd_rd_r=bae62ee7-5ff8-4059-980a-7100e96c4ede,N/A,N/A,3,macbook,amazon,2024-08-06T13:50:53.352308,Browser
N/A,"11.799,",https://aax-us-iad.amazon.com/x/c/JHXtQOZYVBR-Fc4v0uNLVbsAAAGRKJm3ZgEAAAH2AQBvbm9fdHhuX2JpZDcgICBvbm9fdHhuX2ltcDEgICDcLViq/https://www.amazon.com.br/gp/aw/d/B0CX5GDLNL/?_encoding=UTF8&pd_rd_plhdr=t&aaxitk=b1b3e47ce41aea20fe687116120c7322&hsa_cr_id=1184661840001&qid=1722963048&sr=1-3-5aa29f2a-1490-4ae2-848e-815fb6406bcf&ref_=sbx_be_s_sparkle_lsi4d_asin_2_bkgd&pd_rd_w=RWALb&content-id=amzn1.sym.b2368ce2-ff6a-4b8a-8a4c-a17d69d69375%3Aamzn1.sym.b2368ce2-ff6a-4b8a-8a4c-a17d69d69375&pf_rd_p=b2368ce2-ff6a-4b8a-8a4c-a17d69d69375&pf_rd_r=XDA6792ZWPFBCHW6MSPC&pd_rd_wg=s3N8p&pd_rd_r=bae62ee7-5ff8-4059-980a-7100e96c4ede,N/A,N/A,3,macbook,amazon,2024-08-06T13:50:53.352308,Browser
Consulte as páginas dos produtos para ver outras opções de compra.,N/A,,N/A,N/A,3,macbook,amazon,2024-08-06T13:50:53.352308,Browser
"Batianda Capa para M2 MacBook Air 13,5 polegadas versão 2022 modelo A2681, capa dura protetora resistente favo de mel com pára-choques de TPU e suporte dobrável e protetor de tela, preto","340,",/Batianda-polegadas-A2681-resistente-p%C3%A1ra-choques/dp/B0BFB45ZMX/ref=sr_1_97?dib=eyJ2IjoiMSJ9.XXnhZ2okaNY8hmqzvRInR6MglxqEZtYdjP6YgeAvLtYQ3mJ5ZnK2XZDbLgt4tTm1iXEntiiSR3aiRpna9-XPGY0Yh_64pa250a_nQaGomOVamjFOSLPdWLvZqS4hVdxIXk9Nawmoq6Ph4WOtFL1DYNXU_X4wf8v8sYeQyDtFNL39BaW2P4CxbrEClJ8HLBphlfhIgFwmGBR0JW8m0j9ibqfmUfr-MI7L6w5qka0Fv5Z0yHlPlxhbFsciVm5yjiYF.fciPiuuTG1nRFlbu8oNt2LYzTRz4rVb2N1JiL_sRdZg&dib_tag=se&keywords=macbook&qid=1722963048&sr=8-97&ufe=app_do%3Aamzn1.fos.fcd6d665-32ba-4479-9f21-b774e276a678,"4,5 de 5 estrelas",680,3,macbook,amazon,2024-08-06T13:50:53.352308,Browser
"MEEgoodo Capa para MacBook Air de 13,6 polegadas A2681 lançado em 2022 com chip M2, capas rígidas para laptop com capa de teclado e capa de câmera compatível com MacBook Air M2, vermelho fosco","134,",/MEEgoodo-polegadas-A2681-compat%C3%ADvel-vermelho/dp/B0BBQ7VT18/ref=sr_1_98?dib=eyJ2IjoiMSJ9.XXnhZ2okaNY8hmqzvRInR6MglxqEZtYdjP6YgeAvLtYQ3mJ5ZnK2XZDbLgt4tTm1iXEntiiSR3aiRpna9-XPGY0Yh_64pa250a_nQaGomOVamjFOSLPdWLvZqS4hVdxIXk9Nawmoq6Ph4WOtFL1DYNXU_X4wf8v8sYeQyDtFNL39BaW2P4CxbrEClJ8HLBphlfhIgFwmGBR0JW8m0j9ibqfmUfr-MI7L6w5qka0Fv5Z0yHlPlxhbFsciVm5yjiYF.fciPiuuTG1nRFlbu8oNt2LYzTRz4rVb2N1JiL_sRdZg&dib_tag=se&keywords=macbook&qid=1722963048&sr=8-98&ufe=app_do%3Aamzn1.fos.6d798eae-cadf-45de-946a-f477d47705b9,"4,2 de 5 estrelas",309,3,macbook,amazon,2024-08-06T13:50:53.352308,Browser
"Urmust Suporte ajustável para laptop de mesa para suporte de laptop compatível com MacBook Air Pro todos os laptops de 10 a 15,6 polegadas (prata)","372,",/Urmust-ergon%C3%B4mico-ajust%C3%A1vel-Ultrabook-compat%C3%ADvel/dp/B081Z263H8/ref=sr_1_99?dib=eyJ2IjoiMSJ9.XXnhZ2okaNY8hmqzvRInR6MglxqEZtYdjP6YgeAvLtYQ3mJ5ZnK2XZDbLgt4tTm1iXEntiiSR3aiRpna9-XPGY0Yh_64pa250a_nQaGomOVamjFOSLPdWLvZqS4hVdxIXk9Nawmoq6Ph4WOtFL1DYNXU_X4wf8v8sYeQyDtFNL39BaW2P4CxbrEClJ8HLBphlfhIgFwmGBR0JW8m0j9ibqfmUfr-MI7L6w5qka0Fv5Z0yHlPlxhbFsciVm5yjiYF.fciPiuuTG1nRFlbu8oNt2LYzTRz4rVb2N1JiL_sRdZg&dib_tag=se&keywords=macbook&qid=1722963048&sr=8-99&ufe=app_do%3Aamzn1.fos.4bb5663b-6f7d-4772-84fa-7c7f565ec65b,"4,6 de 5 estrelas",16.644,3,macbook,amazon,2024-08-06T13:50:53.352308,Browser
"Whitegoose para MacBook Pro 13 polegadas Case M2,M1 A2338 A2289 A2251 A2159 A1989 A1706 A1708, Capa Plástica Rígida Cas, Fosco (Preto)",N/A,/Whitegoose-MacBook-polegadas-Pl%C3%A1stica-R%C3%ADgida/dp/B0B3MFWYZB/ref=sr_1_100?dib=eyJ2IjoiMSJ9.XXnhZ2okaNY8hmqzvRInR6MglxqEZtYdjP6YgeAvLtYQ3mJ5ZnK2XZDbLgt4tTm1iXEntiiSR3aiRpna9-XPGY0Yh_64pa250a_nQaGomOVamjFOSLPdWLvZqS4hVdxIXk9Nawmoq6Ph4WOtFL1DYNXU_X4wf8v8sYeQyDtFNL39BaW2P4CxbrEClJ8HLBphlfhIgFwmGBR0JW8m0j9ibqfmUfr-MI7L6w5qka0Fv5Z0yHlPlxhbFsciVm5yjiYF.fciPiuuTG1nRFlbu8oNt2LYzTRz4rVb2N1JiL_sRdZg&dib_tag=se&keywords=macbook&qid=1722963048&sr=8-100,"4,2 de 5 estrelas",69,3,macbook,amazon,2024-08-06T13:50:53.352308,Browser
"Samsung Laptop Chromebook Plus V2 2 em 1 - 4 GB de RAM, 64 GB eMMC, câmera de 13 MP, Chrome OS, 12 polegadas, proporção de 16:10 - XE520QAB-K03US Light Titan",N/A,/Notebook-Samsung-Chromebook-Plus-2-em-1/dp/B07J215RPT/ref=sr_1_101?dib=eyJ2IjoiMSJ9.XXnhZ2okaNY8hmqzvRInR6MglxqEZtYdjP6YgeAvLtYQ3mJ5ZnK2XZDbLgt4tTm1iXEntiiSR3aiRpna9-XPGY0Yh_64pa250a_nQaGomOVamjFOSLPdWLvZqS4hVdxIXk9Nawmoq6Ph4WOtFL1DYNXU_X4wf8v8sYeQyDtFNL39BaW2P4CxbrEClJ8HLBphlfhIgFwmGBR0JW8m0j9ibqfmUfr-MI7L6w5qka0Fv5Z0yHlPlxhbFsciVm5yjiYF.fciPiuuTG1nRFlbu8oNt2LYzTRz4rVb2N1JiL_sRdZg&dib_tag=se&keywords=macbook&qid=1722963048&sr=8-101,"4,4 de 5 estrelas",1.979,3,macbook,amazon,2024-08-06T13:50:53.352308,Browser
WOVTE Adaptador de carregador de viagem para Apple iBook MacBook branco pacote com 2,"189,",/WOVTE-Adaptador-carregador-viagem-MacBook/dp/B011B515R4/ref=sr_1_102?dib=eyJ2IjoiMSJ9.XXnhZ2okaNY8hmqzvRInR6MglxqEZtYdjP6YgeAvLtYQ3mJ5ZnK2XZDbLgt4tTm1iXEntiiSR3aiRpna9-XPGY0Yh_64pa250a_nQaGomOVamjFOSLPdWLvZqS4hVdxIXk9Nawmoq6Ph4WOtFL1DYNXU_X4wf8v8sYeQyDtFNL39BaW2P4CxbrEClJ8HLBphlfhIgFwmGBR0JW8m0j9ibqfmUfr-MI7L6w5qka0Fv5Z0yHlPlxhbFsciVm5yjiYF.fciPiuuTG1nRFlbu8oNt2LYzTRz4rVb2N1JiL_sRdZg&dib_tag=se&keywords=macbook&qid=1722963048&sr=8-102&ufe=app_do%3Aamzn1.fos.6121c6c4-c969-43ae-92f7-cc248fc6181d,"4,7 de 5 estrelas",811,3,macbook,amazon,2024-08-06T13:50:53.352308,Browser
"[Atualização 2022] Capa protetora fina para MacBook Air M1 de 13 polegadas, design fino de fibra de carbono compatível com Apple MacBook Air A2337 A2179 A1932 2021-2018, cinza escuro","227,",/Atualiza%C3%A7%C3%A3o-protetora-polegadas-compat%C3%ADvel-A2337/dp/B09V17HK97/ref=sr_1_103?dib=eyJ2IjoiMSJ9.XXnhZ2okaNY8hmqzvRInR6MglxqEZtYdjP6YgeAvLtYQ3mJ5ZnK2XZDbLgt4tTm1iXEntiiSR3aiRpna9-XPGY0Yh_64pa250a_nQaGomOVamjFOSLPdWLvZqS4hVdxIXk9Nawmoq6Ph4WOtFL1DYNXU_X4wf8v8sYeQyDtFNL39BaW2P4CxbrEClJ8HLBphlfhIgFwmGBR0JW8m0j9ibqfmUfr-MI7L6w5qka0Fv5Z0yHlPlxhbFsciVm5yjiYF.fciPiuuTG1nRFlbu8oNt2LYzTRz4rVb2N1JiL_sRdZg&dib_tag=se&keywords=macbook&qid=1722963048&sr=8-103&ufe=app_do%3Aamzn1.fos.6a09f7ec-d911-4889-ad70-de8dd83c8a74,"4,1 de 5 estrelas",351,3,macbook,amazon,2024-08-06T13:50:53.352308,Browser
"SUPCASE [Unicorn Beetle Clear Series] Capa projetada para MacBook Pro de 16 polegadas (versão 2021) A2485 M1 Pro/M1 Max, capa protetora fina e transparente para MacBook Pro de 16 polegadas com Touch","496,",/SUPCASE-Unicorn-MacBook-polegadas-protetora/dp/B09WM8VS2X/ref=sr_1_104?dib=eyJ2IjoiMSJ9.XXnhZ2okaNY8hmqzvRInR6MglxqEZtYdjP6YgeAvLtYQ3mJ5ZnK2XZDbLgt4tTm1iXEntiiSR3aiRpna9-XPGY0Yh_64pa250a_nQaGomOVamjFOSLPdWLvZqS4hVdxIXk9Nawmoq6Ph4WOtFL1DYNXU_X4wf8v8sYeQyDtFNL39BaW2P4CxbrEClJ8HLBphlfhIgFwmGBR0JW8m0j9ibqfmUfr-MI7L6w5qka0Fv5Z0yHlPlxhbFsciVm5yjiYF.fciPiuuTG1nRFlbu8oNt2LYzTRz4rVb2N1JiL_sRdZg&dib_tag=se&keywords=macbook&qid=1722963048&sr=8-104&ufe=app_do%3Aamzn1.fos.4bddec23-2dcf-4403-8597-e1a02442043d,"4,6 de 5 estrelas",136,3,macbook,amazon,2024-08-06T13:50:53.352308,Browser
"Teryeefi Capa com glitter rosa compatível com MacBook Air 13 polegadas 2023 2021 2020-2018 versão M1 A2337 A2179 A1932, capa rígida protetora brilhante com capa de teclado + protetor de tela, rosa","231,",/Teryeefi-compat%C3%ADvel-A2337-A2179-A1932/dp/B0CPSCVX3J/ref=sr_1_105?dib=eyJ2IjoiMSJ9.XXnhZ2okaNY8hmqzvRInR6MglxqEZtYdjP6YgeAvLtYQ3mJ5ZnK2XZDbLgt4tTm1iXEntiiSR3aiRpna9-XPGY0Yh_64pa250a_nQaGomOVamjFOSLPdWLvZqS4hVdxIXk9Nawmoq6Ph4WOtFL1DYNXU_X4wf8v8sYeQyDtFNL39BaW2P4CxbrEClJ8HLBphlfhIgFwmGBR0JW8m0j9ibqfmUfr-MI7L6w5qka0Fv5Z0yHlPlxhbFsciVm5yjiYF.fciPiuuTG1nRFlbu8oNt2LYzTRz4rVb2N1JiL_sRdZg&dib_tag=se&keywords=macbook&qid=1722963048&sr=8-105&ufe=app_do%3Aamzn1.fos.6a09f7ec-d911-4889-ad70-de8dd83c8a74,"3,8 de 5 estrelas",4,3,macbook,amazon,2024-08-06T13:50:53.352308,Browser
"Tuiklol Capa para MacBook Air 13,6 polegadas 2024 2023 modelo M3 A3113 M2 A2681, capa rígida com suporte com capa de teclado, protetor de tela e plugue de poeira para MacBook Air 13.6, Lotu Bud","316,",/Tuiklol-M3-A3113-M2-A2681/dp/B0D2LBNXWP/ref=sr_1_106?dib=eyJ2IjoiMSJ9.XXnhZ2okaNY8hmqzvRInR6MglxqEZtYdjP6YgeAvLtYQ3mJ5ZnK2XZDbLgt4tTm1iXEntiiSR3aiRpna9-XPGY0Yh_64pa250a_nQaGomOVamjFOSLPdWLvZqS4hVdxIXk9Nawmoq6Ph4WOtFL1DYNXU_X4wf8v8sYeQyDtFNL39BaW2P4CxbrEClJ8HLBphlfhIgFwmGBR0JW8m0j9ibqfmUfr-MI7L6w5qka0Fv5Z0yHlPlxhbFsciVm5yjiYF.fciPiuuTG1nRFlbu8oNt2LYzTRz4rVb2N1JiL_sRdZg&dib_tag=se&keywords=macbook&qid=1722963048&sr=8-106&ufe=app_do%3Aamzn1.fos.fcd6d665-32ba-4479-9f21-b774e276a678,N/A,N/A,3,macbook,amazon,2024-08-06T13:50:53.352308,Browser
"mCover A capa é compatível apenas com laptops HP Chromebook 15a-NA0000/Chromebook Plus 15a-NBxxxx de 15,6 polegadas 2022~2024 (não serve para nenhum outro modelo HP), verde","313,",/mCover-compat%C3%ADvel-Chromebook-15a-NA0000-15a-NBxxxx/dp/B01ASDY2HU/ref=sr_1_107?dib=eyJ2IjoiMSJ9.XXnhZ2okaNY8hmqzvRInR6MglxqEZtYdjP6YgeAvLtYQ3mJ5ZnK2XZDbLgt4tTm1iXEntiiSR3aiRpna9-XPGY0Yh_64pa250a_nQaGomOVamjFOSLPdWLvZqS4hVdxIXk9Nawmoq6Ph4WOtFL1DYNXU_X4wf8v8sYeQyDtFNL39BaW2P4CxbrEClJ8HLBphlfhIgFwmGBR0JW8m0j9ibqfmUfr-MI7L6w5qka0Fv5Z0yHlPlxhbFsciVm5yjiYF.fciPiuuTG1nRFlbu8oNt2LYzTRz4rVb2N1JiL_sRdZg&dib_tag=se&keywords=macbook&qid=1722963048&sr=8-107&ufe=app_do%3Aamzn1.fos.fcd6d665-32ba-4479-9f21-b774e276a678,N/A,N/A,3,macbook,amazon,2024-08-06T13:50:53.352308,Browser
"Tuiklol Capa para MacBook Air de 15 polegadas 2024 2023 modelo M3 A3114 M2 A2941, capa rígida com suporte para teclado, protetor de tela e plugue antipoeira para M3 MacBook Air de 15,3 polegadas,","327,",/Tuiklol-M3-M2-A2941-antipoeira/dp/B0D2L9ZRDT/ref=sr_1_108?dib=eyJ2IjoiMSJ9.XXnhZ2okaNY8hmqzvRInR6MglxqEZtYdjP6YgeAvLtYQ3mJ5ZnK2XZDbLgt4tTm1iXEntiiSR3aiRpna9-XPGY0Yh_64pa250a_nQaGomOVamjFOSLPdWLvZqS4hVdxIXk9Nawmoq6Ph4WOtFL1DYNXU_X4wf8v8sYeQyDtFNL39BaW2P4CxbrEClJ8HLBphlfhIgFwmGBR0JW8m0j9ibqfmUfr-MI7L6w5qka0Fv5Z0yHlPlxhbFsciVm5yjiYF.fciPiuuTG1nRFlbu8oNt2LYzTRz4rVb2N1JiL_sRdZg&dib_tag=se&keywords=macbook&qid=1722963048&sr=8-108&ufe=app_do%3Aamzn1.fos.fcd6d665-32ba-4479-9f21-b774e276a678,N/A,N/A,3,macbook,amazon,2024-08-06T13:50:53.352308,Browser
Suporte Macbook Base Mac Notebook Laptop Dj Preto Chumbo 14 Ate 17 Polegadas,N/A,/Suporte-Macbook-Notebook-Laptop-Polegadas/dp/B08SYRCNG5/ref=sr_1_109?dib=eyJ2IjoiMSJ9.XXnhZ2okaNY8hmqzvRInR6MglxqEZtYdjP6YgeAvLtYQ3mJ5ZnK2XZDbLgt4tTm1iXEntiiSR3aiRpna9-XPGY0Yh_64pa250a_nQaGomOVamjFOSLPdWLvZqS4hVdxIXk9Nawmoq6Ph4WOtFL1DYNXU_X4wf8v8sYeQyDtFNL39BaW2P4CxbrEClJ8HLBphlfhIgFwmGBR0JW8m0j9ibqfmUfr-MI7L6w5qka0Fv5Z0yHlPlxhbFsciVm5yjiYF.fciPiuuTG1nRFlbu8oNt2LYzTRz4rVb2N1JiL_sRdZg&dib_tag=se&keywords=macbook&qid=1722963048&sr=8-109,"4,3 de 5 estrelas",50,3,macbook,amazon,2024-08-06T13:50:53.352308,Browser
"Unidade de DVD externa Blu Ray 3D, USB 3.0 e leitor de DVD Blu-ray Blu-ray portátil óptico fino para MacBook OS Windows XP/7/8/10, laptop PC (cinza prateado)",N/A,/Unidade-externa-Blu-ray-port%C3%A1til-prateado/dp/B07V9H1VCR/ref=sr_1_110?dib=eyJ2IjoiMSJ9.XXnhZ2okaNY8hmqzvRInR6MglxqEZtYdjP6YgeAvLtYQ3mJ5ZnK2XZDbLgt4tTm1iXEntiiSR3aiRpna9-XPGY0Yh_64pa250a_nQaGomOVamjFOSLPdWLvZqS4hVdxIXk9Nawmoq6Ph4WOtFL1DYNXU_X4wf8v8sYeQyDtFNL39BaW2P4CxbrEClJ8HLBphlfhIgFwmGBR0JW8m0j9ibqfmUfr-MI7L6w5qka0Fv5Z0yHlPlxhbFsciVm5yjiYF.fciPiuuTG1nRFlbu8oNt2LYzTRz4rVb2N1JiL_sRdZg&dib_tag=se&keywords=macbook&qid=1722963048&sr=8-110,N/A,N/A,3,macbook,amazon,2024-08-06T13:50:53.352308,Browser
"Pitbull Vinyl Decal Sticker Skin for Apple MacBook Pro Air Mac Air, Die cut vinyl decal for windows, cars, trucks, tool boxes, laptops, MacBook - virtually any hard, smooth surface",N/A,/Pitbull-Sticker-MacBook-windows-laptops/dp/B01N5LY8AE/ref=sr_1_111?dib=eyJ2IjoiMSJ9.XXnhZ2okaNY8hmqzvRInR6MglxqEZtYdjP6YgeAvLtYQ3mJ5ZnK2XZDbLgt4tTm1iXEntiiSR3aiRpna9-XPGY0Yh_64pa250a_nQaGomOVamjFOSLPdWLvZqS4hVdxIXk9Nawmoq6Ph4WOtFL1DYNXU_X4wf8v8sYeQyDtFNL39BaW2P4CxbrEClJ8HLBphlfhIgFwmGBR0JW8m0j9ibqfmUfr-MI7L6w5qka0Fv5Z0yHlPlxhbFsciVm5yjiYF.fciPiuuTG1nRFlbu8oNt2LYzTRz4rVb2N1JiL_sRdZg&dib_tag=se&keywords=macbook&qid=1722963048&sr=8-111,"5,0 de 5 estrelas",7,3,macbook,amazon,2024-08-06T13:50:53.352308,Browser
"Okay, I Bought a MacBook! Now What? - Seniors Edition",N/A,/Okay-Bought-MacBook-Now-What/dp/B003BEE7IS/ref=sr_1_112?dib=eyJ2IjoiMSJ9.XXnhZ2okaNY8hmqzvRInR6MglxqEZtYdjP6YgeAvLtYQ3mJ5ZnK2XZDbLgt4tTm1iXEntiiSR3aiRpna9-XPGY0Yh_64pa250a_nQaGomOVamjFOSLPdWLvZqS4hVdxIXk9Nawmoq6Ph4WOtFL1DYNXU_X4wf8v8sYeQyDtFNL39BaW2P4CxbrEClJ8HLBphlfhIgFwmGBR0JW8m0j9ibqfmUfr-MI7L6w5qka0Fv5Z0yHlPlxhbFsciVm5yjiYF.fciPiuuTG1nRFlbu8oNt2LYzTRz4rVb2N1JiL_sRdZg&dib_tag=se&keywords=macbook&qid=1722963048&sr=8-112,N/A,N/A,3,macbook,amazon,2024-08-06T13:50:53.352308,Browser
"Okay, I Bought a MacBook Pro! Now What?",N/A,/Okay-Bought-MacBook-Pro-What/dp/B007RQP8QQ/ref=sr_1_113?dib=eyJ2IjoiMSJ9.XXnhZ2okaNY8hmqzvRInR6MglxqEZtYdjP6YgeAvLtYQ3mJ5ZnK2XZDbLgt4tTm1iXEntiiSR3aiRpna9-XPGY0Yh_64pa250a_nQaGomOVamjFOSLPdWLvZqS4hVdxIXk9Nawmoq6Ph4WOtFL1DYNXU_X4wf8v8sYeQyDtFNL39BaW2P4CxbrEClJ8HLBphlfhIgFwmGBR0JW8m0j9ibqfmUfr-MI7L6w5qka0Fv5Z0yHlPlxhbFsciVm5yjiYF.fciPiuuTG1nRFlbu8oNt2LYzTRz4rVb2N1JiL_sRdZg&dib_tag=se&keywords=macbook&qid=1722963048&sr=8-113,N/A,N/A,3,macbook,amazon,2024-08-06T13:50:53.352308,Browser
